year,month,similarity
2012,8,0.015674514971448658
2012,9,0.016136286182965236
2012,10,0.01567177447407789
2012,11,0.014614415609050928
2012,12,0.014825400323376356
2013,1,0.015504288866839888
2013,2,0.014596884167548303
2013,3,0.015235990570281022
2013,4,0.016565389110238717
2013,5,0.01612492242971632
2013,6,0.016345808610497753
2013,7,0.017245599836247093
2013,8,0.016336079725541738
2013,9,0.015585121930149553
2013,10,0.016384114623524525
2013,11,0.01578689409660604
2013,12,0.016577749331288846
2014,1,0.016319563859355967
2014,2,0.016329271207399253
2014,3,0.016137583787961297
2014,4,0.01617467534379155
2014,5,0.016679331466018403
2014,6,0.016722329622160054
2014,7,0.01672425149319812
2014,8,0.016030750486584956
2014,9,0.016346226285860615
2014,10,0.017111633550567364
2014,11,0.01617261947292279
2014,12,0.01620592475942578
2015,1,0.01653327710419111
2015,2,0.016120600988016626
2015,3,0.017098973626397427
2015,4,0.016456379514115934
2015,5,0.016330570615575284
2015,6,0.016563986611914747
2015,7,0.016170369235659534
2015,8,0.016761231653368267
2015,9,0.016599057934188654
2015,10,0.017070136477917427
2015,11,0.017028458687937745
2015,12,0.017013856039995653
2016,1,0.017113833027030494
2016,2,0.016633238767562432
2016,3,0.017202250988168015
2016,4,0.01683278579665009
2016,5,0.016774039073087832
2016,6,0.01748361001931605
2016,7,0.018117046570202876
2016,8,0.01805493031207822
2016,9,0.017510024444631407
2016,10,0.01763822772895527
2016,11,0.01766615447300997
2016,12,0.017754004890702696
2017,1,0.017908733013969284
2017,2,0.018035698591645718
2017,3,0.01723901872449609
2017,4,0.018064899401021135
2017,5,0.01750837248170171
2017,6,0.017912357848089214
2017,7,0.017755108954841586
2017,8,0.018042284893175633
2017,9,0.01806970957791228
2017,10,0.017601798939510443
2017,11,0.017294641872048103
2017,12,0.01707034969734948
2018,1,0.01721150459645241
2018,2,0.016905254333594657
2018,3,0.017630656929358713
2018,4,0.017666352547011824
2018,5,0.018027799165057992
2018,6,0.017547251212074733
2018,7,0.016918606066370342
2018,8,0.017263918918059677
2018,9,0.01781401003885513
2018,10,0.01745876916706067
2018,11,0.017234409635521638
2018,12,0.01713469439934024
2019,1,0.01784775827795099
2019,2,0.01740039883278451
2019,3,0.01740495066774725
2019,4,0.017235763522338868
2019,5,0.01754944563676826
2019,6,0.01773716793999005
2019,7,0.018021784267381682
2019,8,0.01772475298298799
2019,9,0.017863772204080825
2019,10,0.018260425808042022
2019,11,0.01732009439774215
2019,12,0.017449571516919164
2020,1,0.017357393919446393
2020,2,0.017284703150344638
2020,3,0.017406925240345726
2020,4,0.01821231224829335
2020,5,0.017846813447508814
2020,6,0.01738176270562612
2020,7,0.01769059120396553
2020,8,0.01748439266552784
2020,9,0.016934121965550275
2020,10,0.017430147393996048
2020,11,0.017095812009300982
2020,12,0.0171193525725524
2021,1,0.01714061123147533
2021,2,0.0172430401218655
2021,3,0.01769606821770905
2021,4,0.017502677621349102
2021,5,0.0174408240032763
2021,6,0.017417883368223367
2021,7,0.017399583810516712
2021,8,0.017008956585077544
2021,9,0.017298592968910457
2021,10,0.017175303544519505
2021,11,0.017701442884700706
2021,12,0.016852372306250668
2022,1,0.017107926651272122
2022,2,0.01753471645000082
2022,3,0.01668509457235108
2022,4,0.01726851047737689
2022,5,0.017307838662071362
2022,6,0.017092916069287634
2022,7,0.017312660973289564
2022,8,0.01628111845808129
2022,9,0.016904495410003766
2022,10,0.01735614211024174
2022,11,0.017253216630902814
2022,12,0.016616896518165725
2023,1,0.017522278594342865
2023,2,0.01643013106672864
2023,3,0.016092902185555463
2023,4,0.01626876060764968
2023,5,0.016438909546247566
2023,6,0.01637283835304428
2023,7,0.0166723301611427
2023,8,0.016604044484823437
2023,9,0.01649050430654807
2023,10,0.01601229080904908
2023,11,0.01578702449257811
2023,12,0.016172048333890864
2024,1,0.016586114296052255
2024,2,0.01643146916250981
2024,3,0.016471622072184392
2024,4,0.01611526938595587
2024,5,0.015777130211096006
2024,6,0.015515013053113138
2024,7,0.01622472348856883
2024,8,0.015448142564466062
2024,9,0.015256254974838325
2024,10,0.015272413950613468
2024,11,0.015833818186164635
