PC1,PC2,PC3,PC4,PC5,PC6,PC7,PC8,PC9,PC10,PC11,PC12,PC13,PC14,PC15,PC16,PC17,PC18,PC19,PC20,PC21,PC22,PC23,PC24,PC25,PC26,PC27,PC28,PC29,PC30,PC31,PC32,PC33,PC34,PC35,PC36,PC37,PC38,PC39,PC40,PC41,PC42,year,month
-1.1368184274200406,8.753597966434157,-0.5296918805780713,-2.330699150924763,-3.73107491316012,-3.9249738470214135,2.2406147947262345,-0.8574060906160013,0.08987733883860845,3.1899689659363535,-1.1765755646886022,-0.6453007747438981,-1.0303233789348676,-0.6437780893103976,1.71003811752374,-2.9906975217086615,0.2786404709643539,1.4113581629009366,-0.30969288113807136,0.5312109478875506,-0.9170515716822799,-0.6344624244104555,-0.2974191433014583,1.6020763964948803,0.7944147995932114,1.2513378714375998,0.92354379979027,-1.0332826035261422,-1.0090482768542117,-0.7419581125994527,0.9643415273573811,1.92615333323662,-1.9499026469120224,3.054197356316085,-0.30468084636980414,0.9318703255048775,-0.5270126189270633,2.0336996420414875,-0.40050059736155286,0.018229505436344197,-1.8534195902796455,0.5878035877687409,2018,1
-2.7093617476371294,5.890745891888052,1.2317720701706756,0.7421328018223176,-1.142387945578076,-2.886352138315313,1.6379896425831517,1.8831696234972761,-1.6376126601227114,2.097152083144971,0.5035287083186651,-3.2302715789630976,-0.32373649824312756,-2.390462159287277,0.3624776978469221,-2.271758056318199,-1.246289446517827,1.077114038483368,1.0068952755836587,-1.1412213530810804,-2.0748740106106487,-0.5136122223716337,-0.35234861343604457,0.8125614404886383,0.3527408710165378,0.4658417153193998,0.3880481481493315,-0.4969221855544171,-1.3998301490025635,-1.64073227982096,0.27939611971513556,1.1818760170196485,0.22974788823406164,2.588607621439454,0.9361666242682902,1.211960972886026,0.9520523654431503,-0.7072660110740279,-2.1884955818371603,-0.3352210010350651,0.9255485932261915,-0.23650668904183522,2018,2
-0.9785571147629973,10.17921078622922,0.5248633312467866,2.32735244774378,-1.6614116394849483,-2.783410310077825,2.5561873242930386,0.6504711430223997,-1.6878416833280288,4.298599942786071,-0.5099158929371836,-2.9283840404858883,-0.13859428259404014,1.0985646474218351,-0.8483561981463561,1.0421919824898709,1.0043750719613855,-2.070292108622503,-1.1344333825047315,1.1597022177967153,-1.524020398625478,-1.6107602489652912,0.1504108182924712,1.3028235016426553,-0.733900138161639,-0.6427753490076321,0.9457042723828649,-1.543328752776716,0.7211869255323429,-1.0081048410984148,-0.8695260585662146,2.897925090340617,-1.716702659043188,0.13258427213006918,0.9789125476176015,0.07517100690834828,-0.2181084570708674,0.13803586557428232,-0.7117335613697511,0.35625370539609963,1.391617966015335,-2.664832604076562,2018,3
-2.0868375770842698,6.9277382339047175,-0.3687918214204178,-0.10020780711489069,-2.917128277459555,-3.7619275316668115,1.328716376650637,-0.30435776203400355,-1.3878673938947714,2.3680353955870452,-0.30456954819101173,2.370087612778853,-2.1545360349330482,-1.2819960156119083,-3.4808249620054705,-1.7999986294304489,-1.7999469255486629,-1.0137459538579385,2.4688282865577005,-1.2304546345132625,-2.520978922237157,-0.10501885517182614,-0.03749774891259236,-1.6316870353705857,3.021730961410646,-0.98377921482753,-0.9101485860203334,-1.8961746473729268,1.7004984727316073,0.87725685501981,1.2674286441659228,-1.518584888143047,-0.21222436398047684,-0.5901158553621546,-0.6739691218814519,0.1618050272893372,-0.5027710157087552,1.8601226346518895,0.7370082505850677,0.27996578024762975,2.9511626091492023,-0.3750505219172193,2018,4
-2.1812737038067977,7.482083558164246,-1.6598623172538387,1.4271102804823914,-0.759573609600459,-2.2623848068254517,1.3623157545645124,1.04281485723169,0.10796932272277084,2.120812656024184,-1.3571490314616161,-1.64986380569889,0.397507941943484,1.1318834799619844,-0.6490011070251687,2.4881750726111957,-0.19807499524921102,0.2856056561950301,-1.311146719075052,1.2112294005582243,-1.6986415122192147,1.6221808287001274,-0.8235091639848305,2.219686289683449,0.10647666717294432,1.2168732281343395,-0.610916838759164,-0.3618690675025127,3.0767725183080317,-0.6570341534272716,0.15147731064795056,-4.073864567850587,0.10327795812748572,-0.32143417087083714,0.10747358495274635,1.0274772606489486,0.5827653994059112,2.756431188140277,-2.3296955017297014,0.1356150991779968,-1.8675980450563752,2.2201421533972523,2018,5
0.5292995159155679,11.23331664418104,-0.05307072057026572,1.2455717761646121,-1.4756941994824102,-3.7481208653305975,-5.8793260025333804,5.053653664719617,-1.6611755279282476,1.9178824506072287,2.4965575030032174,-2.5699351377230575,-2.710867642462135,1.9591171291367524,0.8479244957454406,-2.4678207938739956,-0.6612217523851895,3.7041177145385014,1.1534400705076937,1.1361092455476365,-0.8598067059817499,0.5220565866536574,-5.50813826293025,-3.602450020825369,-5.050326234898658,-0.15997908831087074,1.684517937811699,2.2791789822834123,-1.3236275399572976,0.44791736827005607,-1.0230868872628642,-1.273254122932955,3.114587192030272,-2.462008447706073,-0.7336081665077121,0.047377495123813444,0.48767455039378976,0.2448796413053887,0.6908924887073686,-2.869514602108546,-3.18761158485397,-0.9437121033080222,2018,6
-1.3929780458919452,7.675765344993083,-1.973432145104173,-0.9509305045474922,-1.194996443839576,-1.5491923496556412,-1.6766821902882003,-0.2539056391046385,-0.2816049564240923,-0.39316262600765467,2.4121073200677667,-1.4544711292456602,-1.7029111868856976,1.0607892271055237,2.0230805757046735,-0.9081895010758473,-0.2837961034644862,0.43304779592829484,-2.260154906018272,-2.1265771401197835,0.4926394272665323,1.3747341462535598,0.8425102027390263,0.6565299689659574,0.9026253660693727,1.7338054161247791,0.19100607905984612,-0.14881798316497932,1.2916656326359877,0.36186853959604337,-0.4870302943441124,0.39254687165607155,-0.7452460434073063,1.5138147572339749,-0.8361056707088544,1.4317882858227624,2.2738258161935363,2.424757701577887,1.1461028333753187,1.44155768959695,-0.41550652461414816,0.34610848766708435,2018,7
-1.0229711517380702,9.075139991766745,-0.13556278784333822,1.3729712450431444,-0.7845565209477176,0.5472515044324843,1.0389851895821232,0.8407038542492692,-2.1527958410261263,0.07109099971720831,0.459003188702844,-2.1780979093575237,1.4485460600827131,1.3987248175881952,2.1290112022399583,3.8553896248921493,0.42432727565451744,-1.305265898478091,-3.531319455333547,2.732992850915404,0.44962860086710094,-2.6647763045311175,0.3297773707185458,0.5648729401939622,-0.5525098392394648,-1.5458917500863723,0.3028100002737249,-3.4785978083959432,-0.3441797378866754,2.7544288296380066,-0.41062940183288005,-2.7221517982786714,-2.6916971498973594,-0.1550860739782381,0.7585557890402095,-0.6233748602780345,0.2534244734834486,0.7884871452832881,2.5034673121908866,1.368609698931392,-0.702473626013035,-2.1756086367522314,2018,8
-0.5217676206437228,7.708244511969519,-0.5766092241641843,2.5097232369553395,-0.31232091391074507,1.421375208923008,-3.0816175323181723,1.9702983695563947,0.3156178958355821,-0.9102314353534089,0.326851177567515,-1.9229999166989804,1.3263428048466182,-3.37942922998176,0.4380579389822208,2.0358490095895845,1.4895623629943224,2.318408996135486,1.526609608034366,0.36391991589937595,0.3363188428500533,-1.3402705724446926,1.503257891823616,0.19385333163352814,0.26964988744456975,-0.10519563570791586,-2.8362248796274727,-2.273080441593753,-2.9275545105433354,-0.5281052341079181,-1.25090796787798,-0.29867206137267543,4.212827514757225,0.09787272649828216,-2.366644972180996,0.3625713674502737,-0.7292576553119909,-1.635891825556204,2.27346970467674,1.861847870195846,0.6682208889807795,1.439650223812301,2018,9
-0.10477165964907133,9.204067766557793,-1.5485301013477062,1.4681838155526812,-3.9368455002824927,6.3183288773066,-0.895373675925406,7.064165866034298,4.625910878419845,-1.4645806932697703,1.163490487038116,-0.4196243733921795,-1.1341463422156615,-0.8366563634796785,-3.8102706422778585,3.774180427532334,-2.155330693359135,-3.100746833364147,2.005794764978439,-1.460631298767074,-1.475817708242255,3.819632880707138,-0.7198644268777394,-3.1435372709472618,4.755955733541118,-1.1208179696295797,-0.9907868060505277,2.6955578729131284,0.9481132154764238,1.5648307848008485,-1.5612605224375284,2.6897179324101805,-0.7759499069892147,3.1812811925576647,1.7077674967962002,-1.268414989500308,1.7790746839535385,0.3316837826284177,-1.4512431975292823,0.40001741567943705,-1.2651912539847128,-2.7604294190064125,2018,10
-3.250012658351574,7.938684175809241,-1.9222868402439726,-0.9381806923903674,0.8431620595777858,1.7597026286895534,0.18384152333460155,1.5943145013973334,-0.269474976605814,-1.320148905449819,-0.11877947073568144,0.07876850732137543,-1.367755688004304,-1.269335823305233,0.8780460844487785,0.4367894468455703,1.2902599777900963,0.5365916428235469,-1.3831413427552313,-1.9603204691010636,2.220083545893497,1.209249913229373,-0.7436191162064951,0.8230710143906602,-0.6683782725125608,0.9074884364542167,-0.1629321478654275,-0.23865862069728758,-0.044881538505052214,-0.031584915185863455,-0.09062273458410175,1.9345851135534007,-2.699578673706304,-2.588441792217723,-0.3809146977301185,-0.9072274234033145,-0.4098001544047264,-0.7490391738294544,-0.4525254523038532,1.2662851712427883,1.4278017272837824,2.0587170831543093,2018,11
-2.420456658130243,7.230766278935936,-1.4572870824390727,0.12061046102448193,-0.10309346294182933,3.16604363225862,-0.1676754194748423,1.0665131190438641,-0.8759761993280549,-2.312850092903401,-0.26873462589643204,1.638370175336238,0.6679778720594302,-0.5139626010903118,2.2829095417266796,-0.9269394808470933,0.38503101872691875,1.5121928536145046,0.5754631503281307,0.9321581262017046,3.776164492052722,-2.6012300224676816,1.514086265939292,0.3866883815043174,-0.30051111090469684,0.1958052926635096,0.1562156262053762,1.7783423216356073,0.5812075258528371,-0.6397297739736237,1.2842010587643788,2.209110001645829,-0.8219262372175131,0.0072277299697535765,1.0341817095379668,1.431154752763655,-1.4494346423816646,1.6894988051016269,1.3939640613162736,0.13568180871978058,-0.13112267532088837,0.7816079181553782,2018,12
-9.974869463599434,2.4409416278892966,-2.056983057454443,2.132126820421905,-0.1566711959703509,3.0813241346411897,1.4189307103339945,3.12241087225204,0.44326520386586077,-1.9011276979361145,1.5639614366868366,-1.4064134516049531,0.8501851530538462,-0.182909103687976,3.068429605381544,-2.857204043232321,-1.0245416306879604,3.137502933699615,-1.548758520341222,-3.3831659144034973,0.11236581300155558,-0.7684366416258798,-0.18537444510257411,2.1505321715175034,-2.4419513909728567,1.599134288626827,3.4147063618930424,-0.30396782743881795,-0.2843299454533969,-2.0616961568885475,2.7065029295254326,-0.6244997685073569,-1.7591594238104724,2.016408357340303,0.4696234553311929,-3.6398984535613397,1.0697086926144783,-2.6306729209937516,-1.9157150885267984,-0.9688158195197036,2.2970615156036045,-0.13563210833176984,2019,1
-3.67286617874841,6.8267229797815165,-2.0086842554396087,-1.8516262877680836,-0.24198008579941124,1.2441721624359865,3.3054749243525547,-1.9737420180146934,0.6069601378395727,-0.49977062799243765,-0.26109054925056174,2.2899716806494292,1.1236081683335024,-0.12765729972340945,-1.314439432864716,0.562591399400115,1.3761958823838012,1.7647410663609038,3.0214651122848517,0.9165352631688726,0.1310245051056017,0.26501813103326033,-1.1576205680617164,-2.49166232120985,1.59005263755815,0.8175348964790714,1.355603938818567,0.5625735490766922,-0.460767198737659,0.7233381292005723,-0.2743901593342745,0.5976806107265944,1.7251159474583224,-0.5033540082453529,0.4450957511147238,-1.6418190356247409,-0.22049838474777064,-0.19832527582832835,-1.0071483122382872,2.8820203740351933,-0.0760130421128897,0.648987069360358,2019,2
-2.905496597011143,5.290960554296835,-2.5115672042073287,-1.1998218497193331,-0.8033904729121804,3.3604557728726365,1.0569834921770198,-0.2134485523378312,1.096200260639995,-1.149927876814014,1.4190542548450962,1.3530140264907566,-0.3942933819417587,0.12236284448914346,2.347014633017828,-0.36251452897209296,-1.6977257262497332,1.7470437916512427,0.1656461970872821,-3.047685676163349,-0.42939919007101407,0.029338308299187724,0.18600458699256245,0.8421870563178917,-1.3119968605672014,0.20609882779141953,1.064026402561539,-0.8560206895427108,-1.5155435310247447,-0.6011021568239633,-2.69902791551287,-2.2645035055033627,-0.8172107484013077,1.2904150093838995,-1.3160229732165962,1.3198986277554374,-0.3260478423611071,-0.8038523982580246,-1.3141237344210028,1.0398542246740776,2.3236944739422585,2.1665213358736164,2019,3
-4.103603365724316,7.36576895612003,-4.0755320432948725,-1.032757259651271,-0.395516556126645,-0.2407725704232291,1.9975715465089463,0.2665282789086824,0.3810942813772843,-1.3936867922619198,0.8421960553514871,0.5814784359819268,-0.6896029542550502,-0.12433749310079803,0.6101643609993536,-0.6385901713395339,2.63667422653506,-0.2944660737196492,1.2794107194504754,0.6435205768772362,0.1525211606305214,0.4861271951564523,-0.8201503977673151,0.8460633574926014,2.4741876558209928,-0.9236450480699816,1.1876156451253683,-1.7421914471702293,-2.3366136848819217,1.9842928197512675,-0.3437063558914158,-0.6447151611324661,0.6218472127030392,0.7279219847509479,-0.37016973337438625,0.42644731728481833,-1.134908097435611,-2.3012720555890978,0.09181680062836427,1.0209759282451782,-0.8728169605688075,-0.13041954298377798,2019,4
-1.8287635505421687,6.0856337676015455,-2.76604280806143,-0.5336052137582041,-1.4665763254873738,0.7499949775772536,-0.63550232385939,-1.4932152889123864,2.1678407062933593,-0.4727838849881959,0.07339908046141995,2.8677213559294668,-1.6681852633945293,-0.5101585300484313,-1.0781909253503001,1.5506627813118405,1.2441222269059824,1.2821852122258266,1.0519026227845232,-0.2557871558365382,0.23015657115783,0.4373538220236223,-0.4436094391700912,0.2854150472928919,2.262793328274697,-1.4658176554663744,1.1301858318021998,-0.6663046276133988,-1.5273219794224353,0.8827710001828695,0.6270676366912822,-2.6787587343713684,0.6078663278957526,0.8136087662171003,2.0728275124758544,-1.4830760070834017,-2.7788414230178273,-2.322987511576393,-0.2831498402126897,-0.09369880734683832,-0.7586780485733079,0.9527294447100773,2019,5
-5.109233876695999,2.5340755687399845,-2.0868590121300956,0.2360873641554079,0.7376724882476655,1.466440726846367,-0.22597700863356926,-0.440826809322789,0.38635721321283395,-1.73820192405692,-0.4954539095449522,-0.6976402510312338,-0.3780245141939886,-0.978819846949397,-0.20684200408686934,-0.13333767255069645,1.4430557237506594,-0.30504290597123224,-1.082108948003275,0.16393260666694712,0.9276243034547158,0.2720047832055757,0.07665445833273628,1.058619984783184,1.4536333200969946,-0.755194155579168,0.24452840274137938,-0.342577985595445,-0.796319187634827,-0.8929793141869127,0.89355495945928,0.9281995699227442,0.07992179397399907,-0.6974255999168185,-1.8753323189349496,-1.151188218987622,-0.7177571748804039,0.49041256321827004,0.5602459163878599,-0.0005680824860801958,-0.9029755046609733,1.2599175016071638,2019,6
-6.634064096314942,4.779888136217912,-2.4910261586302918,1.806281848498961,2.0259482478862343,4.565672540551873,-1.7447870202790945,0.8917487649502139,-0.026926550071921997,-3.4217442732556282,0.1417852128926785,1.2578685834596857,1.7059298544905424,-3.049773163319125,-0.7596341679684617,-1.8734219778498196,2.154209529108151,-1.3933581588480586,0.35419660142983095,2.673455666550252,1.8895157758204242,-2.540583817526914,0.024909288795288066,2.345136619193205,-0.6860638973740526,-1.82009441077706,4.039499049081424,-0.5077152697168845,0.39114352854360407,1.8738357185804064,0.5297828279902029,1.5127539993844368,2.14262975045549,-1.1162710580283184,-1.5555910627296823,-2.034089640155369,2.5074132967350655,2.705002861599992,-0.1409364229485682,-0.30723881622925325,0.4035994817659445,0.07270832293287012,2019,7
-6.594780484069574,3.8547170415412046,-1.9654950085011755,0.6430243665743568,0.6661131412511125,-0.8914955378877432,-0.40746455149631755,-3.5852284681135487,0.22658543029503173,-0.8960256080183754,0.2787487008062105,-1.021130869941863,1.1291452697318736,1.6262815774375414,0.2535023942169519,-1.832893809645034,-1.43005452537405,-2.7720759142454976,-5.123838514925374,-1.2662215680957445,-0.4526877956988745,2.078169764438262,2.0402942562715274,1.9136250919018942,1.1215097567556396,-3.754152727044344,-0.13482737497697106,4.942041281622812,-3.11827001389549,2.0584632258048967,-0.28070006516618534,0.7338394968658456,1.3107774102252814,-1.9491485206526529,-1.1948490373056062,-1.6246968961287251,-1.1865839109210727,-1.18221683058518,0.4879650513143275,-0.6965416926600341,1.0955946365930338,1.8173814518580413,2019,8
-3.2219052519197606,5.95974431042585,-3.256394616778186,1.1594372795879406,2.1006604446641104,0.6927187771680366,-3.0831882674830022,-0.785584614403105,0.35116026949377516,-0.8535987723078154,0.5614326392746352,1.7954438671084583,-0.8651763494198921,1.0517680503907392,-0.5030203281397135,-1.0825518423001543,0.566393838907455,0.6367630854363774,-0.08477016171839781,2.1390038995877165,-2.3384301173216873,1.8395857722318123,1.2124268209603541,-0.28174437329048474,-1.0724698933527623,0.7280249584868149,-1.7302468531630486,0.6051193240491163,1.0871503285043111,-0.13039535041275846,0.5194181459632873,-1.0113887985381123,-2.3738612951135605,-1.5247314479948029,-2.292425355098917,-1.8126231202293548,-1.2911566623692896,0.36814379779815154,-1.2752347008585105,-1.0431871354258546,-1.5788675312491918,-0.46326438968626205,2019,9
-3.953952697530311,3.4337017167346184,-2.02658358271198,1.0885652714509682,-0.6950366227696597,-0.8488981551500898,-0.3516957873129831,0.21069030107888315,-0.19197463777944837,-0.4121801788302589,-0.07288790669987884,1.5293735266062327,1.3098002380086318,-1.9127943367912215,-2.496691389678264,-0.6624655691143725,-0.8953866786012555,-1.213607781689222,-1.0129549338752235,0.08267524958025547,0.4101085284397546,-0.4058565372428127,-0.5545473955215591,-0.1460892431395767,-0.5283335421120894,0.44235688961603015,-2.6344356906464728,2.005504867531388,1.8104209153110356,-1.9040635541434692,0.5218721944025364,-0.34653063372527265,0.6243794089334245,-1.6789287274089577,-0.5589489746099997,0.9669007500221273,-0.5089640524150925,0.49827219435575,-0.9978603699931701,0.7939008498377992,1.0634888372506233,0.06742244772970479,2019,10
-4.717380164364479,1.7830630480886407,0.290975877937405,-1.2969137450094916,-1.5755700329376496,-1.7546065261602242,0.8737191677840278,-2.1472761488673213,-1.231409973813939,0.4238389125337058,-0.7097645290788197,1.5834012991916102,-0.7656597081544845,-0.9394635005412875,-1.5561416514412425,-1.1851637485477031,1.5033693384666944,-1.358500908625275,-0.19548468374283537,-1.0905472436784687,-1.6049297923679742,-1.2689001339530595,0.420072132754895,0.551457595454157,0.4752403546730393,-0.8342799240550347,0.19458177816232186,1.3600777127406583,0.2469601961567566,0.0010825049911426649,0.37357410082542425,1.1583754928686216,1.5649617561209272,-0.9527806179568702,-2.192789789110798,-0.18659736842756597,1.7804775808288773,-0.4884940365255543,1.3538455873137625,0.6970528803029359,2.8989564759819437,-2.9070110261565576,2019,11
-6.554951645393132,0.2727173870319576,-2.0476165014376173,-1.1745448070251574,0.6186627501213177,-0.14568319514262293,0.8401604120752321,-1.1856156764747157,-0.824740013781535,0.022001324497429916,0.8680814445378859,1.3355667773866113,-0.5578699545836923,-1.8147606241274985,0.10956804694400701,-0.779163325833224,-0.7583928841336894,-0.525007252867786,0.44240047374538316,-0.8824838502123955,-1.4808969682056643,-0.3723678203214646,0.2056168232940833,-1.9919888301058732,-1.0000801240771162,2.2690564674864278,-0.5429106342556779,-0.619339854547456,-0.8505528093108226,-0.7539865333688425,0.032927102679518955,-1.9525768714312148,0.5467715468247435,1.7247320377867057,-0.6716013494484516,1.9706191034179945,-1.977220386154826,-0.8270432102606775,2.9269396902806926,-1.0515043515538298,0.08967717192678558,-0.8315899780455743,2019,12
-6.998498511051511,1.930994756665589,-2.496979776613766,1.2395764237097988,1.015484248674633,-1.4977008581593558,0.6747999201583481,-1.4974880012317384,1.6550616168108165,2.186479962189548,-0.16586455662944863,-1.0976288057351522,-0.6361931122244208,2.2884214853947893,0.3781287180541851,4.6663410964103935,-0.09651397242344122,2.295344519238773,-5.066844924804627,-0.6642847334009488,2.005827767676562,-2.9540685650684524,-0.5181860572742772,0.5967844623571217,1.3300278746935106,1.8460989614139067,-2.523704176820299,-3.2100443516490276,1.374516215124003,0.5036153337424927,0.22908974799080722,1.4005757040670679,0.06341672800660147,-3.2959800521295937,2.4114631261626753,1.2573338848770514,-0.4644205490083056,0.22833109913205174,-0.5731878475672815,-0.7048221843531753,0.8646535407679554,-0.9267454245787097,2020,1
-1.2199821338145824,3.7589265805857717,-2.722474358015089,-2.0068522881438575,0.18508232225031565,-2.9631180499186147,-0.40573033427621136,-3.4210614080775468,0.9147647247461583,-0.4338129206769063,0.6468270958082402,0.8637154069310929,0.09794470857185826,0.31243123378573223,-0.24903561069853264,-1.2022771014227867,0.3122030084709088,-1.5817557728706684,-0.13623490574083832,0.9100262120791285,1.442192914881239,1.3408111793400823,1.2014612531292579,-1.9441952897450927,-0.14311973493595503,-0.3806973676624556,-0.36747153328289095,-1.7855223302137748,-0.9243052902202059,0.9388919339444155,0.3173863907289356,0.6955044127053503,-1.128286112667822,1.09746446878699,1.0793804282156698,2.3902826024791586,-0.21178070273655022,-0.892799843092441,1.8876610164441918,-0.8967387060846628,-1.6055477661673387,2.185919779906291,2020,2
-1.8080053749525273,4.770103238093999,1.2511652018400463,-1.6373182773358086,-1.271873794840997,-2.2952590389855927,3.5260238921260365,-0.15132561157840427,0.19800528448478508,1.7321797423030447,-0.07831526594788583,1.804242645160521,0.3312768598825664,1.6930760082481844,-0.9324237241875777,2.1846662998743085,-2.1912355980508815,0.3805173980974415,-1.2505615739988172,2.2477535868193836,1.9810298563204156,1.4064123359542124,3.573333118009768,-1.2411976799772444,-3.9439248604106525,2.0040766750731103,-0.4316774334275421,2.841428352400648,3.3529960442754914,-0.5191098933977807,-2.4143857153068846,1.254959823899687,0.327014563370224,0.0007966924634529186,-1.110098678534879,0.7545049316858341,-0.8698302637918546,-0.7785628046945526,0.20120355168681883,1.9038985498977081,0.9276166701385049,-1.9166774699409943,2020,3
-6.1360893397514005,1.176944002735343,-1.9559948058451695,-1.156884975684928,1.9139579302032395,-2.263288066360984,2.199831249616724,-2.8869465750095067,-0.920644604604081,1.3360572161289845,-1.3889164622233852,0.46698849835253115,-0.5613664520821959,-1.38241025203281,-2.0808447783999773,-0.8019495338013723,0.3037163130002487,-1.2801191143692965,1.6456968973019308,-0.4217191611145875,1.4839064317523103,1.9427838304911085,-0.907638113449327,2.4459981676559015,-1.6726519379399962,-0.38665209598518263,-2.2278222022365513,1.1650933051055543,1.362343297917375,-0.9861679805869875,-1.1184134396727086,1.7414590818378994,1.6202983702261906,0.599555845648827,1.4731580942890272,0.2963298336958745,-1.241547333425324,-1.6403090961969993,0.5950252419085098,0.6642040672481593,-1.804791597333689,-1.0039664748746233,2020,4
-7.056560135214449,0.5915882233189869,-1.4316494918039784,-1.3675405405907413,2.057790780505064,-1.2348351239124755,-0.19435512531295326,-1.5231370012809173,-0.45029641368798556,0.872288602245388,-0.3978841006621874,-0.4911093631337863,-1.6169214363898452,-1.000442032882815,-1.7249419286807037,-1.4889692662904928,-0.21695115242692797,-0.09345766993613754,0.8905716318344734,-1.6495956361500352,-2.06221753645808,0.9332969648253119,0.5801106418793786,1.3331978606481123,0.4483655744540161,1.8449115941489906,-1.9383610429557958,-0.27601733637692216,0.16616764801107295,0.10318955824048232,2.474658917494836,0.8698063625206246,1.4548578172760054,0.16866295822157762,0.6864498912769854,1.1087852070931086,-0.09635529945959238,-1.375436188102939,-0.20245263308901576,-1.545156546553615,-0.5102300776623961,-0.166200289929837,2020,5
-5.440909393219604,2.6143616466635007,0.24811242765981922,0.13185952257098765,2.338928074388455,-1.3418276088444552,3.699533760180533,-0.9756444876292283,-2.9196063972761674,1.1099728687976007,-1.976191174550711,1.5936095908895935,4.901028758187569,4.273374926220313,-1.6722274119445855,8.620626205450872,2.758387953848876,-0.5517871383478148,0.3600208549326489,-1.5037780045213172,-0.4084638979788223,-0.9272051639471648,-0.525547990301029,-0.004079515625325618,-2.404726030866652,-0.9812542005848528,2.0453685624943474,2.776585962833603,-0.5192230854025671,-2.6791326306188115,0.2613680036821534,0.019340650912578482,3.2445807867847183,2.4653430373119134,1.1513805056942903,-1.0772702513734351,2.168417733922394,-1.5360673593965093,1.8569569977515878,-2.043334742277131,0.5887982189082749,2.415364793403071,2020,6
-9.854586120501217,-3.418212938871195,-1.2059594511016114,0.027536616621907345,1.4554587642709989,-0.943552112914569,1.4115906573829176,-1.2068597175865732,1.3334823578464217,-0.5040457624768562,-0.6107993452548286,-0.35358903845699224,0.16614936820078893,1.296187986287416,-0.4739880257184051,-2.502845757997552,-0.7739291224167574,-0.19185821150459062,0.5926325004266647,-0.9679855295267906,-3.040416409184086,-0.7764103554711453,0.6540508195488555,0.3522748588184535,0.1941880126255241,-0.9080336568568814,-0.9418676127219113,-0.19333430801928353,0.3911121592684183,-1.5392414549060403,0.07764502153165001,0.8106473904521542,-1.3803469141838383,0.4659455156870389,-0.012351383609017256,0.9873567535518949,1.3114664455076992,1.1256013750014202,0.2500639106379728,-2.281161829511236,-0.1488012365460287,0.46380519333001347,2020,7
-8.132789415974521,-2.025326814581576,-2.35523881224546,-0.32235533118645526,1.7071179988869944,0.4990258982137626,0.08506727214199274,-0.42215418059883325,-0.47706028358673663,0.5340826721609051,0.3566988319154781,1.306531754021656,-0.5178687974550755,-0.6298744380195666,1.8737839461346253,-1.2390071460778798,-0.6234371484483031,-0.12838208531352074,0.14864676738884844,-1.592915632245057,-0.526590095680245,-1.904869819190928,-0.2365904784610464,-2.0175766192311273,2.163616686497243,1.1893333623429037,0.17954021245170707,-1.1470190559371152,0.13349053229535762,-1.4087792057082071,1.1340413306494144,-0.1311646242845849,-0.12910825217184674,1.5622003758210083,1.4308584204980728,-0.21996377752698817,-1.444374506280245,1.4331973317303004,1.9639256071786444,-1.99538370088574,0.00614561951745441,0.2620478268370877,2020,8
-7.617072639045224,-1.4125439227047374,-0.12691564224452054,-2.2026554121063913,1.3616641023758933,-0.5816679148571257,0.3598656402686995,-0.27361429909942264,-1.69450862604532,-0.6127119477993311,1.3794069126339692,1.3722534473480728,-0.7724997710781004,1.7661873525586784,0.8985660588066278,-1.1543115886836894,0.7610520164445412,-1.4246272067968084,0.28316437807109424,1.1574961982237582,-0.2631180426001041,-0.4655517007734593,-0.9483756115438218,-2.168095310168784,0.1586588900985498,0.8478607200196173,0.39394485133881807,2.4640765733513703,1.5774822220238713,-0.46040571323994034,0.9429860368941719,0.3674866270022539,-1.7564806304233778,-0.4595029270488498,-3.7065230618370024,0.5968313110473195,-0.872570041239844,-0.07592691532657767,-0.04832128507335458,-1.9206660461707186,0.596920250848818,-0.8372622092581425,2020,9
-5.522850831633044,-2.2658295943564877,-3.8069642945877735,-0.14685121129076897,3.113139690362478,0.9206346230570391,-1.9560724543269765,0.2991709258980802,-0.5461139949076672,-2.040479979382841,-0.8461658909152697,1.6545100926821112,1.9127204366049697,-1.3220477579036112,-0.6318166842475288,-2.9377496414580495,4.733922934412002,-2.725684452641505,-1.0178847679032148,-1.5998601952343559,0.12665130780642467,0.39532843315417565,2.6569247704439634,0.3744679794982873,0.12400417016301242,-0.6823067090115772,-1.9205387435391206,1.1534668606176655,2.3398989470188223,1.109327949265749,-0.33078111443756436,-2.705618276490938,1.4965746938657207,-0.08620636828360077,2.4789847960686973,1.022903704784606,-2.7397870103762183,-0.547844460095119,-1.6457678708773456,-1.6642359390545423,0.7965519101935238,-2.5631308604812215,2020,10
-7.093402961343544,-1.263000336870365,-2.771634171024522,0.24395394405232376,1.804444482363294,2.596104138006783,1.2380420177105678,-2.0524234547735873,-1.6621055876194863,-1.852332752995998,1.4238990330025936,-1.2606558456077201,1.3341447032332407,-1.4080501249718043,-1.715366941269927,-3.8854267168480603,-1.8986402924890304,0.783763719060327,-0.2864066592516885,3.4218174306954583,1.5857424921094465,-2.9075464237218354,-0.6615229793644385,-1.33143045167987,0.7913250169600853,1.3942185328877998,-0.42181920858688904,1.466557427405511,0.8171021200103182,0.5901800874129974,-1.0832166692320377,-0.47614337575231147,0.5160116956210935,-2.507268016315092,3.9316008789146326,0.4586111023544943,1.047151010401427,0.7875721999560314,3.4668910176823418,-0.8812249867531303,-0.6479974795460722,0.4145311795763783,2020,11
-4.47356953526626,-2.3614992324470716,0.23723891763577792,-1.5759800309558478,-0.24076099175244345,3.704594749053117,2.299978593864733,0.15710506352286427,-1.0294185352489849,-3.8035278442545053,-0.3263142521127041,2.936360158527505,-1.6585606145663365,0.30231625061629896,1.5017070447666718,1.2305477354982284,3.5147815931991384,1.9237603164814767,4.6416521860216475,1.5484698482971246,-0.369310906420928,0.08614034805525868,0.5414461146005983,1.3430298188776129,-1.2787323031583968,0.11321478618136166,-0.3783211454641707,0.9867457867065822,0.6505788311882975,-2.8260221805783967,-2.0620063561474185,2.2013475724419873,-2.3898232963877635,-1.9618682309900644,-2.4242469708798926,0.2537847474572537,0.5931820420897336,-1.0206742230268828,-0.47838807535239414,-1.3216738039950588,-1.6650775862171154,-0.8925541512451259,2020,12
-7.691611484914049,-3.067372708534255,3.5505991837256277,-2.5599592953297874,-2.747718967474733,0.6864162672259294,4.540462992959194,-0.019963829329243208,0.21960935583446622,-0.03394319458907449,-2.896309931786877,1.6650165004595143,0.8597899855451708,1.5883079861624065,-0.13944164665630526,-1.4225659514001836,-2.0819669569817854,-0.028256415067151555,-0.5705022205881347,7.272640373527591,-2.2836324906275136,0.5390161300128099,2.4516506149229986,-2.2415034405441308,0.4628225492730943,3.9147405647438984,-1.2711431386761773,0.20859162307034912,-1.5953308511099245,4.865119586506895,-0.1814475094040634,-1.0392731752445152,0.18008554395009566,1.3196105152126636,-0.46344539645501276,-1.48038731986204,2.4762052796215883,-0.8025670410435328,-1.110369764539296,0.14964834093500076,-1.37884095008229,3.8547739473218905,2021,1
-10.242279441750881,-7.348972636639823,0.7795520529564223,0.5571394330466896,-1.9717904366267744,-1.1352644149880988,5.280308602125955,-1.7133871952593591,0.4038434773917241,0.2924597011324793,0.4391463926111271,-0.7191247490893349,0.7852388252775948,0.2076780017653835,1.306556380659629,3.7721971252341997,2.6669907485224886,2.3294481928086617,-2.0196804556372614,0.38533727406422774,-0.03968636550386064,-1.187804449422726,-1.8432948208751423,-0.6191938676967441,3.3027238047877834,-2.0138939124828514,0.11847135691553702,-2.6608050429713392,0.29647595858059683,-0.7610176219838167,-1.3854297603403862,-0.9683911107252708,1.7262830668411082,-1.5272344227391963,-2.2095397412969553,-0.55617443846874,1.5134995468740542,1.090446126219927,-2.9812312685689357,-3.468550600016912,-1.3461780893797708,-1.8605855775993778,2021,2
-10.65278909123381,-8.397287271206268,3.404616251317222,0.6797359911044377,-0.06530527794108185,3.4490525288966887,0.8374405032850945,2.362805723816142,-0.15689324288423584,-1.7842310060959021,0.5045223352895951,-1.4022473407725835,-0.5225662404465656,-2.1727220311956477,-1.5801570764415718,-0.3046660032778278,-3.1483827937664963,2.0930767856074444,0.6529664941692095,-2.851775273353099,2.273866263613212,-3.1085242118412992,-1.6506337588396414,1.3146566925020615,-2.128505222383643,1.110725036047039,-1.2189319802601695,-0.09315674192346622,-0.004641965523858425,1.2907314152222846,-1.1806480174617673,-0.04193589810179763,-0.5559357249211412,0.8728218765027924,0.6231186528914797,-0.855777338288822,0.485773085903731,2.5410444442150215,2.159865757658061,1.451141634498101,-1.7488921724024218,-1.3313386678846275,2021,3
-10.345992392131057,-8.319826988715576,-0.5570166184526031,0.9104468713899692,-1.3502701416675837,1.354634969243861,1.556219338866943,-0.7499197277311201,-0.31215976102098447,-2.8412287676312666,-0.09319173686710909,-0.08444630378173257,-0.9430441693746434,-2.16025600918572,-1.3660435357799299,0.8574811869144126,-2.0252070379264118,0.7947061140970804,-0.650017295942604,-2.6043697010674762,-1.294796550520768,0.9857424544319907,0.20467913348632988,-1.225834225456192,1.6000315221004882,-1.4388369407701598,0.34874799500531123,-0.4227424030472655,-1.0407455250705795,0.6121756379316741,1.1591916914046894,-0.04442776896499708,-0.0051190192238659855,-2.2675109238872113,0.9060088256427272,2.396522322958407,4.27244467152048,-1.557621782624677,0.3122441517361986,-0.2494910131586988,0.9635977899559253,-0.7047374781977975,2021,4
-5.572700311057672,-4.154280038978201,1.479371733731239,-0.4825095378759639,-0.8127199907069579,-0.10755903217036217,-0.03554353725714109,0.726004425707194,0.6634624039996877,-1.3605406117645342,-0.7728825459060611,-1.544203471276141,-0.7719868924783028,0.8247449627192653,-0.16833722752856142,1.6193425238319878,-0.20148296833467474,2.0175050068650697,0.5063097188817697,0.021405717042891768,0.6571890503032339,2.2807475487494986,-0.7856575398738793,-4.65903840918799,-0.7614205263619206,-1.681818846296779,-1.6444262360322432,-1.1238068797359133,0.2421078873585001,2.3452144120755536,-0.005354189741781178,-0.45678764314207676,-1.7222003792443774,-1.8608358300051617,-2.91208420305907,-1.67138062222623,-0.10010162905356343,-0.13191087890260536,1.0980282291995531,0.098557168895357,2.3056442051194543,-1.650712584622196,2021,5
-5.673823079598277,-3.4366396567650574,3.576024896553995,0.056957823424828476,-3.245809689578685,2.446560471412373,0.22922028612615064,2.4456773441661985,1.9640977356029503,-4.161532571462795,0.8400367790951436,1.455316724056233,0.5353986315965785,2.94898127491211,-2.0713042043882672,2.5904506397953635,-0.9463541392502571,1.4852087476492386,2.568021268319846,0.27903853322183353,-1.5271124609702351,0.4814066101637014,0.6559977083074563,0.5235198292044145,-3.42537438981906,1.2802295504573658,0.6189065297923173,-1.2143167007691036,1.1171855293823445,1.5242844275495888,4.564680499017177,-2.4995262573884607,0.15854338639355725,-0.14513184792514267,1.2142259584246058,3.9056561980578692,-1.44767920966808,-0.10274738469702935,6.946703044576324e-06,2.4764855990076216,1.9152104586354906,0.35250279917279437,2021,6
-6.772406038275774,-5.293296331619884,1.5195025295655504,0.36214683784200175,0.5167463499213722,0.6772131228777137,0.588609329694024,-1.3850285973353988,-1.3285325660305751,1.3387408763614719,-0.2137931705657337,-1.6584334623049677,1.4033308345526305,2.729574402774646,0.8640464496277832,-0.15299931837787284,-3.0074977788241264,3.410245348242059,-1.0553793152225117,-0.01171730838032967,0.560611185147936,-0.054456204116287904,3.6064912299423795,-2.437500369421812,-0.6717895009445558,-1.2434384151228606,2.60572517717104,2.0141565102965244,-0.6019019421192664,0.5100735312976888,2.315816314193869,2.706485179735725,-1.2436375455012476,-1.3106556534225,-0.5217838029537486,1.706120859962616,-2.2647702714532363,-1.330991546464794,-1.370496928786062,2.807556757368411,-1.3991805439210303,-2.3430650064422385,2021,7
-8.432348307956364,-8.560152680099872,1.6133936292991138,0.08201163961137442,-0.8377370638817507,0.42716766310272936,1.36770698798788,0.12037324604138941,0.7729331475989605,-0.3496290072060344,0.37611204835599665,-1.696378316606336,-1.6745502706068152,-1.81691980351468,-0.1850862607124076,0.5850910280936503,-0.36294515744324163,2.5150718509413568,-0.25625833995552183,-1.3280925319832613,-2.403715321998544,1.2537122704529704,-2.0491639652344347,-1.117647701587608,-0.9751985201324865,0.1059031400177166,-0.6195411470119684,0.8145189903406088,-0.07503590077522428,-2.681424649232617,0.6966648253399839,-0.5992164739429577,2.2443355989482123,1.3690017614535426,1.0935513087973414,0.6782397664466905,-0.02595912105019508,-1.4652732290943156,0.019838431338055414,-0.11632155603174314,-2.0566719270025846,-0.3771075346339525,2021,8
-9.297002483871996,-5.323000891810174,2.670111445100756,0.8268944460674369,5.0325584221315465,-1.6728350102777745,-4.325941884161347,4.0628055400119525,-4.3537636556552,-1.0435398437945775,1.1294185009661597,-0.8109410547226112,1.5059796743593292,-0.1383471904390326,8.948873181302314,2.4498499869541885,0.3155832741663664,-0.7580340183942902,1.8774746345079676,5.218538413597158,-3.7223245540065135,4.974433586464249,-1.742208214401747,2.8898389210389688,1.5705695625135878,-0.38426094715450937,-1.667582061371935,0.7246627274915635,1.0497765336674425,-0.21941288344716472,0.5712025419342173,1.3808298877394718,1.5894789364507276,0.18238567622168841,2.682259852240063,-1.049985404293284,-1.3879520127238054,1.3314130744115122,0.9856281650694111,1.6530867020708642,2.196615591196279,-0.5999017234782161,2021,9
-7.710993926956169,-7.079766907499061,2.0624523678933566,-0.3884960276118361,0.6194957214757411,-2.689779854966676,-0.746791467074471,0.5973459556305217,-2.6413368298813706,-1.0274223206715467,1.7211570472698945,0.4032183402723139,-1.554372538992967,2.3458980299693035,0.8591982148698223,-1.5750813763779818,-1.4634784724592689,0.14522276385229757,1.1133883008138685,0.7505751373381527,-3.0054854061525194,-0.06620382532094193,-0.988712843519718,-0.07299553214517258,1.752809636049698,-3.7981871296477125,3.0273660806049323,0.4893195209103628,-1.367747211798241,1.585123155093644,-3.1938421041429534,-0.44556261519143225,-1.808054552508062,-1.6145987186916015,1.306325616969264,2.700351385910163,-0.39349547811551583,1.192307154858606,-2.3100393836058757,-0.7333277147716393,2.797928316055215,2.4900776001962686,2021,10
-8.250781737229234,-4.453181687054661,0.519036922414053,1.9743884177064592,1.5539743160308295,1.7398749378590062,-1.3496635837575157,2.235627425069127,0.1781148488928637,2.0682746465125295,-3.424859416612035,-2.1231875994992206,0.7958098416439999,0.016130255711071812,1.2481806630209336,2.3777275097582873,-2.3963420269859137,-0.8915077031608557,2.2333710243814258,-2.95411452438013,1.1256535743741953,0.6822129074639365,-1.012731662593695,-1.019760932089523,1.0716664562789193,-1.8184030013526238,-2.4732575595567106,-1.992759816821619,-1.0722289855998226,-0.6740721377023999,-0.7113397255502371,-0.48627528506778633,-1.8901741983159304,-1.0574177841789871,-0.24674740595308153,-0.3559020627352788,-1.5577634134871952,0.7217057021967033,2.977086129303938,-0.15715989279146428,-0.7537427537210131,2.245340466609595,2021,11
3.3039635473829776,-0.07290851524666106,8.910544098048339,2.5748890774746145,-7.235134724459204,13.160153034295362,-0.020390108239435878,-4.136031506488501,-5.310000489464289,10.339429999141814,5.104717863312641,1.0495096807062825,0.030243937170221443,3.4724715586897394,0.2691811616426932,-2.9884892267900045,2.552007848211858,-1.5220648339575995,0.08964158425936392,-1.0042222017436628,0.14134522807214422,3.1919267797599766,0.5774264297716174,1.1241760731583328,-0.49737295199303777,-0.2695173739869066,-1.4127646344398377,-1.242205760789494,-0.20049766193657975,-0.10728755997959007,0.666458230297,0.04881055820866165,1.3821895517346876,-0.7764077977933821,0.40319002703491563,0.06529035602170385,0.9786853509560288,0.4701712533658268,0.8316523210378782,-0.7789101495560947,0.17866926686427084,0.41567272378457043,2021,12
-3.462293856068785,-1.9612106530341047,2.44246389383669,2.0717369113197934,0.07503293048515118,-1.1116101161047374,-0.4612317584490635,1.272501872989037,-0.896883050849399,3.5745739068618767,-3.9779296167240976,-2.781622516404014,0.9362071121182305,-3.970122830258257,1.5363753715643318,-0.8392289630944696,-0.5820059576208938,-0.09924439351779045,1.536621405337662,-1.0955068618560024,3.0127794935286945,1.1212527868318267,3.415782128572389,-0.3864625355550591,-0.8579404306144055,0.6818689347046666,-4.192796139051712,-1.0311734853002497,0.6508292151290512,0.022970832088428355,1.752520318571601,-2.336846452578,-0.06196902958077375,-0.3819887206238209,-1.9060309243973292,-3.2595850472511176,-1.1220616863330501,0.316356975355738,-2.565528463377994,-0.8923722355835303,0.6876660442507255,0.470329246307536,2022,1
-5.461049490249491,-4.801238638161336,1.6046091963267366,0.22378661922076515,1.8560097369469388,-4.623382153771042,-1.0605598084169838,-0.12455494194671417,-3.168540309231537,1.198074466752232,0.7017402653306624,-3.031331406871123,-1.5451831910776652,0.8701206354956512,-3.2134049506069506,-1.1951472104398018,-1.2758570911119278,1.1766055448034936,4.265902774369156,-1.5308794913647787,2.690750588151256,-0.6079375663720914,0.7636136024513641,5.701605321673251,1.0794154812490353,0.5028876666073406,0.39411486403644086,2.178904737331283,3.8109175247731772,3.120721612503704,-2.5488626986096485,-0.8003738190812546,1.6071275145467052,0.7543067601381327,-0.16441607135704744,-1.4312081522619917,2.2674938145467656,-0.5792713179008868,0.060381861239377076,1.5871468767690964,-0.03470776963711788,0.9296948335372475,2022,2
1.3660674136128335,-1.6203911816774437,2.9108310541288867,0.25857877239076227,-1.1341915191853114,-1.1592239097855122,-1.368278429027424,1.273460056937333,-1.3244811932219227,-0.2342332079940477,-0.32278043632515785,-2.489505674334862,0.38857004808857476,-0.6121029267927127,0.8380360857972708,-2.0543899950896627,-0.23347190407366067,-1.365573773100205,-1.2276836750518667,2.2041644250374923,1.1639853509117966,-0.16004750485237512,3.7198042539021356,-3.2443818588117552,1.6432724493089128,-4.060993270911749,-0.6884448891228535,-0.9547957425668971,0.33975545469497076,-4.268184492828396,-1.2755140063440262,-1.1757920892019,0.40385469929977635,0.3228864556639828,0.2348208209339239,0.5844412605860914,0.14690639960608307,-3.9951630773898357,-0.11090731509591245,1.9275488357629305,-3.2845316468972503,0.020560860150757553,2022,3
-4.971726150226042,-5.862002788951578,1.255408506619357,-0.8672672252895823,1.9853067326123688,-3.9166941864056826,1.0679039815762188,-1.8200390037178837,-3.456622057641392,1.6319039820427048,-1.279641805585378,0.5606736565879538,3.3262369787499324,2.088826220522318,-0.34737610165342053,-1.3345028369965863,-1.8645678876630312,0.49034217342537756,1.0743461459660864,-2.04699697463881,5.253888307777786,1.9034620943082143,-0.5769553555040355,-0.8453295890119817,0.4105355543404829,-2.7953594803001,2.006350286398305,-0.23881528126739013,-2.291495273488746,1.1823727097257042,-0.7973330401090611,-0.5256964158041788,-1.3300011269846295,3.625329570327314,0.3718197596531688,-2.0595601481373556,-0.47836436492895584,2.024323549477824,-0.0995972319841347,1.2493246379391136,-1.0044317468315769,-1.3376000607673868,2022,4
-1.2809774439306045,-0.9100684985740174,1.1045746947780026,0.01672358593088813,-0.1684267721168063,0.2657724749243039,-4.726380391876285,-0.01148362225344335,1.7783062508669398,1.8941246537198717,-0.9120691282958016,5.822983887818455,0.18952968126220004,0.16114328888017798,0.744794583756819,1.7560173602475555,-0.7788856536489422,0.5422776765722777,-0.28082232714324507,0.31601315558925075,3.0723355224156887,0.4301315024324954,-0.5467662812498327,1.0316221496302165,-1.5429173820698896,0.5528502659880304,0.4119736935875229,0.8869339301906469,1.6618125935033343,1.107577506100624,-1.108025370304865,-4.1567030639002756,-2.398249678556028,2.762709476096434,-0.2523730716283822,-0.3386294391192826,0.3831445984655164,-1.5506711778892872,-1.1942371293092127,-2.4988819335083456,0.8777799566904766,-0.5130759843538828,2022,5
-5.366620953643804,-6.209160756713444,-2.242236846749739,1.6748317869631049,3.400887419724314,-0.6181110328423808,-6.913782255937348,-0.648593222332629,-1.4764636380249405,2.0879287664966295,2.486641099080867,-0.2430136384205442,1.0101258198162228,-0.009774584923528557,-2.5441020156990986,0.7133636330275706,3.4338056770083165,-2.8525149458783297,1.290421658891778,3.131199365886106,6.393896059890828,0.7374224902785483,-3.407820622698751,-1.0753601854908674,1.7549250663678668,3.228642195026294,1.4179812881012532,-2.077492643072279,-2.4248969771217475,-0.9442512198598562,0.6710372562901373,0.5285086620940261,-0.18127209526556057,1.3707606779967638,-1.6637792520452954,4.778828639649919,1.6514988787513714,-1.0090708427266404,-2.990387286471494,1.5011549705457925,1.0492764113884867,-0.6379772036624097,2022,6
-3.6097912605714986,-7.136251992069515,0.8640548949883496,-0.22988688442046373,2.5864275708935685,3.1528071487651697,-4.43105903311692,-0.22212699600228128,1.1038876367013615,-0.5646723793384846,3.635267345310725,-1.038851588100068,-2.5139060521196144,0.11057231466459756,-2.551797636655867,1.8799498100517076,-0.9593159757681928,-2.1677805565602317,-4.303003893685006,-0.8627035802110672,-2.2732593583926417,0.5069264246934602,1.0817963793204985,-0.08741737216346553,-0.6623471007425462,0.004340149552275956,3.99445260523171,-2.648614612606137,5.182036186154683,-0.5569141919011122,-4.198416736192598,2.3437675469610024,-0.29414496302785675,2.1512504953842044,-0.9413881254759375,-0.43253628519938614,-3.7252705509331445,-0.29363313670347774,0.429717119379327,-0.5480389417420534,-1.4589130888849384,2.8161153031249495,2022,7
2.0658320103126337,-3.3656128928845517,2.8204549060145063,-0.7189376219568889,-4.72353125744951,-4.351055887435473,-1.8531366496657535,0.3955423033672581,8.720338240976599,3.4961626319087222,-1.124467705414524,0.4299401500893603,7.563847257422603,-1.3103213859996103,2.3048501227183054,-2.6167056994951268,5.036237810156221,0.7271754168483329,1.1789121074668394,-2.2533460606151063,-0.36986263014514015,2.0109725042277136,-2.7089726841391646,-0.1880837928019253,0.5434925511000571,-0.8661829186154105,2.9336385365426594,-0.15036546247873686,4.7943470840665565,1.9769955898274894,2.4321903631398434,1.1929118562975225,-2.307764404863969,-2.5741578068957374,0.9595925813334539,-0.12637274141571292,1.2147438901373018,-2.114774479724764,2.4196812757133856,0.8306063870886272,-1.5511689578417593,1.1957506124577504,2022,8
-0.30030161961866453,-3.7973549366492216,3.9782827868277204,2.7705537361897976,-1.1006135331474822,-1.8645632088036623,-2.2804680101643005,3.0733504614916956,1.4902364894524813,2.965705380839401,-2.5250723056175324,-1.623779445492113,-2.8569355173952755,-3.610803032688178,-2.397386445728471,0.28310398978414425,2.109632676840972,-2.0997587207369937,-3.7768439111280583,0.029904265219035615,-1.7373478139212182,-0.5130022724402935,-0.38846466268632174,-0.1485022516952148,-3.4377656771523193,-0.30023980137663214,0.8176689300246792,1.2100652868233222,-3.584758498073486,-0.716036515058717,0.3440983046191033,0.4506916308090484,-0.2520881756152968,-1.556079994556625,1.7571239744317448,-0.7776576563573877,-0.1626593046680276,-0.8090793613498289,-1.445331078928133,2.46806910424463,1.5366807687339652,1.4372498847716038,2022,9
-2.4884398286193314,-3.69466435220106,-0.28633258962743846,1.1552912407759477,2.433859091861763,1.2656145234623457,-2.2182373855723863,-1.4732611520753156,-0.3533569531855199,-0.11760705454406621,-1.1743331317230825,0.8093456564723251,0.5937216876565798,-1.2390723445615315,-3.3170039701297203,0.6269558421676023,1.0471215627081158,-0.9333355696067097,-1.6921600307989666,0.5427489147504466,-1.5242595374944214,-1.186320517958116,-0.6059125100109115,-1.1435968312992293,-0.7683539939806628,3.6041383773189337,-1.03827235571264,0.9276430464524626,-1.2613633190635614,-0.9605278030962854,0.8843492885974661,1.4699994552504712,-1.7038011024628947,-1.4986146358588648,4.229458863775647,-1.9427243776227423,1.2490621863919358,1.2879135503839985,-2.4738990151889997,0.7135093868488053,-1.61317700563591,1.407709067567971,2022,10
1.7693872870227427,-0.03411196384297359,0.3526778513961833,-0.1539633770888211,0.6123560031838287,-0.24665845986335608,-2.9373751425375243,-1.1421191601631755,1.9283574018473795,-0.7439886922446887,-2.4341707841444613,-0.35188368515172896,1.3827469049985388,2.70631783507566,-1.5729895244561145,-0.5642231452417443,-0.2951140957670272,0.17655866850254295,-1.4906721906949247,-0.349676022283559,0.0988651478516478,1.4503828332405708,2.346823168583347,-2.4766974838184357,-1.2842365753203173,-0.3867183420521013,2.5041174962574075,0.4554153528899747,-2.9385590190833937,-2.042159011698211,0.9577840971351013,-0.6495527369467553,0.29443572702739074,0.6172250932746103,-0.12185017215758477,-0.27747434125005577,0.6876477886950288,3.060767808820123,0.7773682635775289,0.6200207461332745,0.2890876277519573,-1.088037745971684,2022,11
7.751043937928662,0.4173338263071221,1.2262852858519842,-4.312292706762434,0.6700463411990356,-1.9243371993594813,-2.556327283775368,-2.288391827478478,4.026658951049134,-0.9317969271492298,-1.4268344518045943,2.4424892213400837,-0.9606579144540526,1.8658272108308769,-0.7355166045312207,0.8163479254630496,4.109116539881315,0.46794528825939125,3.1987870029036682,-2.2664532266840105,-1.9171509318247006,1.558392263960995,2.717111066570203,0.5455875885418373,-2.5145831084731207,-1.624120047199816,-1.7536114557633986,-0.28325007990138196,-2.3710888223855466,-2.4001970414361375,-2.1013763024506624,-0.14977194503893723,-0.5948792864058631,-0.2856608787660077,0.9107649006175896,0.8276901620217767,1.1736600022682586,5.188705001215822,0.9589892944978435,1.1045335366812417,0.5280650852149807,0.1865343559844129,2022,12
-0.2750252528985486,-4.8606896892822204,-1.8269378456772805,0.6445174884927239,0.6490541155839777,0.9611421069739429,-1.7009300487072676,-0.284483002580753,2.212547622210471,-2.6090180973514423,-0.6110556812179386,-1.36465704660816,0.09781624784218024,0.8519416780145962,-0.7475789069265483,-1.1282172769483925,0.8172599773660395,-2.0317185026366507,-0.5227349939223219,1.420369320898221,0.10176436118227775,0.684174704690858,2.41875511852541,0.7669144617631812,-0.5625397471426905,-1.1342188973140688,0.7161351404095097,-1.0075322206728918,-0.4656419245007762,-2.0037087210802436,2.2535559397475082,-2.083398267277177,0.5068010920139556,0.7036912496048837,-0.14863915174988349,-1.8169395313704844,0.9360380977004525,2.79594456416332,-1.5237177728994973,-0.17171535553127815,-2.167454246558011,-1.541287779851572,2023,1
5.069428313797452,0.4383721363961809,2.678966280830324,1.0899849838113926,-1.9075975172009207,-0.9389077523539807,-4.85889068719787,4.634387794206804,-1.741243396783127,0.31017420207391294,-3.777630564435872,7.841751118879231,1.670102412842147,4.021854438563544,-0.619872222551477,-0.5966993991110866,-5.510957112100783,-4.521997213135815,-0.24553256876421134,-2.1531914591427217,-1.4272689051529763,-6.192413762027901,-2.303073545165349,1.9611771377093985,0.17285388980844568,-1.9816657920936398,-1.1454186931959696,-1.6604150193988967,0.1458597853452152,0.3364771413125334,1.8528643059499692,1.3098321865230744,2.1559263541485145,-1.247575650251337,-2.262898171113432,0.3727366569811994,-0.29632969368956247,-0.8106877222830354,-1.0320312610960751,0.6377547003181654,-2.2501572302255286,0.341756757698853,2023,2
5.175601304444267,-3.3420038229742235,4.011937684352676,-2.2942324416028006,-3.768721942822727,-2.130501908007898,-1.6134786211563261,5.168669651707944,3.2101033400177297,1.6753394933393202,0.3556799464579968,1.4594834932284753,-3.258406505178489,-1.1703253392860447,4.024963750488884,2.2031198758662067,-0.7182908484082343,-0.5798010946739101,2.1585878744473574,1.7311159788493502,2.0061476849627033,-2.5295670731800954,7.667183670309022,2.007710492811212,1.805535205363905,0.8112674804272451,1.8654524228616272,0.649944915260691,-1.3938227430756138,0.26635994404180785,1.4745169846161956,2.140775804020219,0.9618686442372814,0.25561601968669645,1.5662222857383217,1.05583316609809,0.8074019025341207,-0.46142757119626526,0.8055469321251406,-3.8877052662748253,-0.007699857837791677,-0.659123269131503,2023,3
5.251520383370923,-6.392864076479141,3.733436770996472,-1.76629691330652,-1.3622462685014103,-2.6819176319779285,-3.8031925124598818,0.5866886316512211,-0.447861656445565,0.029226141210989896,0.7298954147932115,-1.6356360294697192,-3.7144578343403665,1.8996579478764628,-4.6505972814028835,-0.5890792397440728,5.7639155260193755,1.1625533716140493,-0.4671849857591551,1.1206850270429956,-2.5504669132303714,-4.047546243487621,0.7322382739081819,-0.028860433251166433,0.2339591461080317,1.9605003945083355,-0.1537339086141438,-0.49372481778179955,-1.3454992550544145,2.2033912135738505,-1.4754899014217784,-0.8644607099038284,-1.870460874409722,1.6446035511748796,0.28350660044117415,-3.394523924891359,-0.6902677777960764,-2.165042380472895,2.7069150446415486,-0.4285023388602328,1.602807456146795,-1.7157218141705928,2023,4
1.6646070833812765,-6.0762972803729,3.685992232779402,-4.8435876567543605,-2.7704259563407656,-2.07003139758692,2.623748438571951,0.6433568219789405,0.5615507328527413,-0.7560106598151901,0.9514798718673108,-1.3140529802771823,-1.1083247580710676,-5.612399018436493,0.008600220342946642,1.7165638961219565,-0.4221766761630733,-4.344329704454692,-0.6840492298375036,0.9637438629262919,0.8505660797016029,0.4321997981782679,-1.2428794236605818,-0.5023707758985295,-0.6594785583895948,1.4879015730121419,0.6363294479898418,-0.14273968951661894,0.6720505402011709,-2.2458345286437873,0.12502594596299052,0.8969544496084545,-0.256063738361278,-0.05835022414252126,-4.620336643730719,-0.266900514157807,1.1854781011948674,0.9405512502587148,1.5745023707787638,0.32586414308342615,0.6722233358945481,2.529251922498693,2023,5
2.339085836314929,-4.864681285211914,4.624417322128347,-6.334757201815817,-4.98058171548822,-1.2613420279823406,6.2026607367671796,0.026783043832704134,2.415894077379688,-1.1729826707999211,4.296044760540464,1.4836624708216097,-0.22703114227161383,-3.3935528343543404,2.9367279464919758,0.9447141574729577,0.966682781309963,-4.747730331186021,-1.1192731647237772,-1.4331875241817542,1.8246033561376669,-0.5260397960918676,-3.676480531766071,1.3513462202022732,-2.3471206021283795,0.617766838858839,-0.27523778491763795,1.883674988406618,-3.248402274320474,2.918292073219149,-1.1697817744515346,-0.6554220587585815,1.122484887449039,-0.6430021852679427,1.2308573112627157,0.2514551334168649,-4.129066580515656,1.73207127759268,-1.7575176168302686,-0.12989692211956666,-1.5436433995093155,-1.5269309604951522,2023,6
8.955634887686603,-0.025238006135490057,3.069730948365343,-1.9305076160915682,-1.489488955841134,1.0152599651314147,-1.0124778260656868,-2.1195753561889528,1.1309084782031043,-1.1727731668744548,-0.9373181744514235,1.3657037428439525,-4.998561395886157,2.2138031659378243,5.532243365952677,-1.2559371266013135,2.212669919115755,1.8845316424334217,-0.8455909428176778,-1.1873071140343323,1.672797290871943,-4.6889483578411815,-1.1141053628529116,-1.0808219994338413,2.3649228831425475,-1.5215333242721207,-2.9588625828606143,3.1501980295654266,1.7541839032307458,-2.276496195703999,-2.800883813454698,-2.0890283734599864,-0.7737306575806993,-0.2553816720539318,1.431418686896166,0.10084573639716195,2.4062178992626526,-0.9437464323492502,-1.6408082328734208,3.41073350443045,-0.34766586790514425,0.96915645404152,2023,7
10.269498103566967,-1.0087114796827834,5.329733002635098,3.368478294687819,-1.9759263269208767,2.7088362117278484,-2.2361766668172045,-4.151180934673757,1.5360526365385272,0.4974519129487507,-4.24328815950938,1.357945167102999,3.0170122684471874,-3.7391347698720265,-1.9553372366437973,0.6315050178599256,-2.4840485463982094,4.467634265733388,-3.1218745718035654,4.322267188380839,-1.9532889790911891,-0.07426166157995477,-4.185619214182298,4.249415963076746,3.8920216143468256,0.01973121670128822,0.14543657742685906,4.051191665918231,-1.250403531615203,-2.4734205948045154,0.18188028861236819,-0.9388300575697924,-2.175189749406158,2.271109864239287,-1.6967357850072087,1.264498463360345,-1.8266233356998292,0.26077684291463454,1.9183911902193476,-0.20828863087804209,0.7408824729954611,-1.737312608784534,2023,8
13.12005797857345,1.1546413838715899,2.3114237589548345,-2.881499528396296,-1.2029033881588371,-0.7117955104523377,-1.0590760250093914,-3.630395384097581,1.2943454700381476,-1.924295717370701,-3.1031007960811356,1.9377716439056443,-5.175090293151161,-0.6998418145278823,-2.3195060498875577,0.5004639396501218,-4.343806563987636,3.514098232476321,-0.14260991077569635,1.4060303009236694,2.910706128484619,5.725878809947813,-0.015217851924672138,3.823694757929064,-0.08943616908531793,-0.10292203386585148,2.9094196291526626,-4.317457625550078,-0.29053829736730447,-0.7797905735688531,-0.6817758255194462,0.648158558582849,2.2251734380695387,-3.5985802225545096,1.672118060135639,-1.0042831572627406,-0.10665642569134823,-0.7764588002905142,-0.036789748437151694,-1.1693187944741434,-0.1357246347706624,-0.8816999444280854,2023,9
7.539873922494927,0.1967499109326357,1.2804003369300088,-0.7523073115673214,2.6230809699749393,2.022573030251122,-1.1946183379459905,-1.7299602293532346,7.189478321788658,0.04670940972671043,0.9156954253103156,-3.128530398545017,8.748657891878576,-0.2790235425694522,0.8257528634665348,-2.600793412593595,-1.929381867089458,1.7038072185898436,0.8596637127114377,0.22760540808556692,-3.0586768728027063,-2.0043373603553336,1.6135308814212297,0.5477825099278999,-1.6497026169052007,0.8754333169327815,-1.4339138195924421,-2.4926074887850693,-0.5210760859274667,1.564731006843168,-5.293503645046231,1.1137565162506458,2.786719734637479,0.49664741534994755,-1.0162728543324349,1.4854910955592653,0.20932518182263207,-0.1876863265067668,-2.129298314007124,-0.4779990189671969,1.086595127196994,-1.2367751519138361,2023,10
19.535215614503233,4.823207581846076,4.41567183587813,-1.0534839808265961,-4.675666084714153,-0.47538451435642315,-1.707324656317459,-6.026040732642098,-9.043263523255428,-5.926483536911988,-1.2382961597196414,-0.997854144543382,2.963049379247243,-4.9148002606939984,0.8209933523884572,1.167695986359238,-0.6511454635238857,-0.9153590880416095,3.0316968603272314,-0.273513159029944,-1.5916017771874686,-1.8706405910934574,-0.07551043324404492,-3.917963567695988,-1.5402605125218898,-0.9638866900576033,2.1052055993153167,-2.24392724102009,2.967118403516271,-0.28938848073833656,0.4278006424273372,0.49698321256416766,-0.48664277202318384,0.4394925657249973,2.135380785313897,-1.3142673970611476,-0.8123483733421947,-0.09272986564118431,-1.9625314798563394,-0.5082533788227747,0.6111668663518881,0.20329248879872183,2023,11
18.656367933589255,2.0722296146596975,5.6338382850182915,-1.6534790824502723,-2.5524392367877398,-1.169019385938073,-0.3345941446575837,3.31900402312422,-5.333706438357476,-8.874683191184024,-0.6219757787308826,-4.747398441702843,3.3236386700464804,4.320960342436284,-1.5073891707330083,-0.28010590059495716,2.401987410612541,0.08242851781604509,-2.798165996728514,-4.414389223191637,0.8581737986062452,2.7691538624067666,0.7877980157263094,1.908971113603109,3.2319543402571758,4.259503466986798,-1.3675487828458444,1.3195968077921554,-0.9042656458939626,1.0141138442137498,0.631764861127595,-0.4193631335631221,-0.283958465552362,-0.7430810617088439,-1.2524120053975099,1.9134599806605284,-0.22169334287868298,-0.22661756198929334,0.18481963453704953,-1.5119012719353493,-1.3036246029021374,0.3402335400337003,2023,12
12.134097446237776,4.361815902340623,11.30618165598987,20.746173099137412,10.005827317623195,-3.5917008347623964,5.5049823322202664,-2.0008285422280556,3.3221515908275028,-2.6088251010699834,4.155847130479175,3.210808202866797,-2.5198738558402423,-0.6022781519063801,0.7460522095654648,-0.5934603997677584,0.5261751395960653,-0.9368462811118297,0.9767564781307096,-0.8679603065264793,0.36666406981308547,0.47190574112731215,0.5294326053025941,-1.2645541507622409,0.04943087199191748,0.5427507830862935,0.11234547547226814,-0.22549934309451905,-0.15810365633235438,0.967418048338744,0.566748625556669,0.16482206782005943,-0.2861861076973479,0.28263102475143964,-0.49167663986140164,0.2257275983858117,0.18068058712883803,0.03988698095058091,0.39811059973370816,-0.18439538219521626,-0.7285820114726909,0.28935640555340264,2024,1
10.26758488349054,1.2062404914590699,0.9111503242369821,-2.3196563897298716,0.24711156723219657,-1.2404063327882677,-2.5997117577731896,-1.0755326543897155,2.5694354831254276,-0.9193743708081907,-0.16663212592520832,1.138987920445138,0.3267336935809269,2.1117963973738783,1.728183685740432,-0.8245113487423154,-2.3245271010178143,0.48970655740222846,-2.1855734818620087,0.1477696605235375,3.933413777914457,1.0036553525434453,-3.116178953607114,-4.234251865378056,-0.1314127420567583,0.703737661687671,-3.69283550679762,-0.051076569321681975,0.2111419894378627,0.1653816374144405,-0.1784774344803414,3.699728462417518,1.2511426625616482,2.009563367047598,1.656573212679633,-1.7700680030399814,0.78503633045164,0.024703689026243637,-0.28885256818758637,-2.923741745384936,3.7471311241267586,1.120878836234266,2024,2
6.7584964786019714,-0.32791629330928024,-1.1280128278627086,-4.368795191850851,2.4736273353850975,0.8393763056178447,3.317655919302762,-2.099431960605129,4.198287819698866,-3.8129369800027666,1.951005158153965,-3.574685020327147,-1.2390564799913741,5.909094668635813,0.635031959560772,-2.34476035117896,-2.7227610294492033,-5.812322042363644,1.647645635378439,2.9405008544270843,-0.34749488349990615,0.020622418318788208,-3.4996043370246017,2.921350214377022,-1.8692239798698038,-0.9342320341113547,-2.010935405825599,-2.6302839773537117,0.03340664108682925,-2.702078410406397,2.246900278267141,-0.7536972566475794,-1.0493502653732536,0.7543975627744407,0.36191910602729743,-1.7609837693293338,1.458735513215522,-2.689941746188784,0.9765737409388446,0.8998801508840735,0.6581387137667498,-1.3314453923029426,2024,3
14.168364920618414,0.5374012711445075,-2.2187579411641667,0.2717756260600874,2.0311782082522725,2.381480964442966,2.300641109985346,1.1494763455222938,3.1257768504553494,4.00765849006286,-1.010771467904287,-5.138401928326402,0.47697269688685895,1.782651653470001,-0.02234906655085358,0.4022189255403827,-2.5233683989865496,-3.758766189961958,4.055743755868527,0.0500139587905515,1.4399257072483203,-1.7981593641125928,0.3013989528326594,-1.7469575801893822,3.3654910877065336,3.421123640226816,4.8360474045481565,2.9760231150883714,0.3385895406534323,-2.9566023669443693,-1.0147347714269297,-3.819625735258869,0.632431272586201,-3.727461434846515,0.5581946767539994,-0.4817786322361336,-2.1126490423285675,0.5905903686092273,0.45200229384931334,-0.6081885742191728,1.8035257815368158,0.18087070529660762,2024,4
11.824364235936674,-4.34755166468737,-1.9350810408524886,-2.533495703169579,3.722600121189434,1.8983185396714948,0.01822608750502207,-3.101502271392536,1.6440854836620216,2.1012480216437526,0.9773931113952952,-4.286586197539363,-2.3621231216458702,3.069633387253001,-1.3988135398827912,2.1152471919957576,1.3536015704172424,3.7074023076742524,3.7018517354723697,0.07869977896190342,-0.6966309705161673,-3.2484368161279824,-1.0286425584036267,0.12655963963735029,0.9813588834515805,-1.442455435096664,-1.3775823232668263,1.0754686513610257,0.0796810224747142,2.262059220867708,4.157946723891563,3.277888657950178,0.7942154088001431,1.0214854019127333,-1.921110828390923,-0.8864005584134188,-3.5395178603814053,1.0309470972524657,-2.1024652440598737,0.30801014769440704,-0.5043629313672814,1.7380199092988946,2024,5
16.280952931762613,1.910963757802671,-4.533642669371375,-0.7087019662188936,4.7439617615243534,4.136293321213213,-0.6945812364589459,-2.878511878886632,-0.2814898960779156,1.921388267032407,-4.045337440903592,-4.771945294510343,-3.02791991470401,-3.987249005519905,1.6523247717700067,2.8148638920441575,-0.5623044938705515,-2.0054463261051247,0.19329466419365365,-0.022788504123857783,-0.263587527969706,-0.1745614498386563,-0.2980018599826524,0.6167928091389017,-3.675090328944892,-3.8110845788204877,-0.38131258909854027,2.3744586807319776,0.5547245949416042,4.671243422620514,1.3702434284785692,-0.9219835269499004,-2.048921635051962,1.193757144234723,-0.22139029482142197,3.8907429073528452,2.7302434780240374,-0.9352857966922704,0.027266452404417933,-2.012207127877257,-0.6038490833460914,0.05481573976586143,2024,6
12.219803567206263,-4.696395160970932,-7.078588362536566,-0.9156349071855135,6.077233395436484,0.508660211743068,-0.644691591457639,-1.493566623356762,-3.7759025685545633,3.505700528186871,-2.3899974639460506,3.823739464710065,0.8104156834212697,-0.5762405971739585,4.04853495279015,1.5233188229797636,-1.4522083989903813,-1.3383671591500428,1.1794985356965044,-3.5129556506830353,-3.829184419874848,1.1293017281939683,0.09551995108009227,0.059356682728041926,0.5340871473735771,5.4850163963855065,1.121628470161281,-0.958081475206008,-2.839423851995745,1.3783238021031081,-2.1290445698079914,1.0443564343460408,-1.8298439692709507,-1.9462992904328833,-0.8092295216193109,-1.4142552620094857,1.3694786775095737,-1.6408818921595134,0.4626372981925753,1.3173505372510554,-1.9101175237020087,-1.9540159559206938,2024,7
14.293724007331228,-6.361396153727792,-4.310257230067302,-2.7656429417567514,2.691547318909454,0.40170035109771146,0.43971742801674746,-0.5553515322533311,0.32940751618833103,0.790734717990162,0.6882549746944946,1.7088966637641765,-3.1024384898085944,-0.8529014319312858,3.5825633907536543,-0.5359558942002871,0.6231071793215223,1.1741707833095942,-4.967312358811393,-1.1036766983594082,-1.4256938671597115,0.5804017272809495,0.2578890162035618,-2.2067569476265487,1.2051020650169881,0.7578920966364093,2.0109750194954206,0.04200973259347201,2.933593569804665,1.1644641362017183,2.7974015344195653,-1.4356338157102335,5.413244300245883,1.9716511587344676,-1.219315255220686,-0.40177835147401914,1.2827696019632522,1.4716498848427566,0.8098948898320192,2.8509349092006535,0.2981785691385805,-0.8822413613146115,2024,8
20.761911890045894,-2.097369880920945,-3.641598347543234,-6.34303901072203,4.472207740703233,-2.6899598278056285,0.9621987238500052,4.10031226511202,-2.0118788809696766,2.8906834574403755,12.339196286041677,3.055874323925609,4.262317047393564,-3.2301878223463003,-3.7365263322391495,1.664961183055792,-2.2538737140171796,3.3421148957660765,-0.9321773281837011,0.867672351293694,-0.1666198398821873,-0.11108361143533226,1.8132873096606825,0.9810248235487742,0.42820087231424364,-2.866387278504582,-2.142856265520854,0.49936910093395565,-0.8924721218849145,-1.4875106721261633,1.6662360168996886,-1.2681136520716931,-2.4253727267740146,-1.3550573350497581,0.38749634917474074,-1.0765727618767795,1.3780046754565913,-0.19186948864858708,-0.03576421265977652,-0.010542769448634677,-0.3148878822541436,0.7415328299710283,2024,9
18.253777988704083,-5.035111521921933,-1.8781147349290768,-1.3044298977797526,5.592411608669501,3.2389135529581363,8.239236500531574,10.479967914445675,-2.7185408565044176,1.739151124366835,-6.628038743436097,2.1611583292884884,-0.1599095582049705,0.7750855773773422,-2.5620477650775344,-4.656637973069218,3.4272610410215565,1.9721877049722216,-1.8621077484138777,1.6300783549468265,0.8830760771911933,1.4078689626268075,-1.4668467146868356,-0.4966986963439609,-0.6987672998082756,-2.052500835895014,0.28457530646923507,-2.033770578050305,0.8970253274807506,-0.15288312653747038,-1.4463021951269721,0.8845537347318947,0.11854254956363752,0.7435761187300881,0.5398748031045939,1.5451825099012588,-1.0959428616623552,0.17657091094201485,0.3650956207996731,-0.4625100312477395,1.0472435950540688,0.5836793589672916,2024,10
14.965380855765316,-14.807776445689402,-17.39355941903246,14.06943759768281,-13.672123350682877,-2.530553856531969,1.0371953727852374,-0.2553763623436735,-0.8279484648031459,-1.324606898745272,1.2008699611437426,0.022260224759387957,0.1756880909755876,1.522935262588193,0.7195475401831081,-0.02115705782414015,-0.0702426863454703,-0.06154767426254332,0.9476067481374001,1.343931729322354,0.41029351827233823,0.5186907521618039,0.29945851446792343,1.0102196176643303,-1.7078660968460422,-0.05859938063740902,-1.158490063179117,0.49770629968590835,-0.23111674181848937,-0.1213763112632108,-1.1803242646620413,1.024410508425031,0.02016586589562167,0.636484498955149,-0.02937415043543452,-0.3665332917413271,-0.6206091101488984,0.3868556447684857,0.4785923354801427,0.10402004288462982,0.5317009026891573,0.764765255316244,2024,11
