PC1,PC2,PC3,PC4,PC5,PC6,PC7,PC8,PC9,PC10,PC11,PC12,PC13,PC14,PC15,PC16,PC17,PC18,PC19,PC20,PC21,PC22,PC23,PC24,PC25,PC26,PC27,PC28,PC29,PC30,year,month
11.759774580517044,-1.0448738012916636,8.167239834727425,-1.8327751387281712,3.2605924379503195,0.5554843177169567,3.514987349048304,3.0266452059146993,-3.842536874609258,2.650462210714222,0.4622309170767258,-0.3743961989415886,0.009099427759685783,-1.723770604093981,-0.3797706407995925,-2.043483153617808,1.714322445455807,0.7030767630933888,0.604738863812851,-0.9380167036539238,-1.9088106630882347,0.6317780247625262,-1.3530517101105455,0.7488106882211337,0.6453976457850655,-0.2422337324138693,1.3290877936838768,0.3979197895012946,0.09397938896257832,-1.1913511697596488,2018,1
9.672617164866994,0.4127108900684344,5.316883139021207,-6.655810953463849,-0.6693001738357168,4.483937174906621,4.83576892214441,0.8536346322609263,-5.186305292786819,1.3652613064338988,-2.1216205841910596,-0.3727452393755038,0.6685150603847371,0.4330084452809807,0.7754050608043263,-0.16629861407551633,-0.6586823165520247,0.30099859728101247,1.3118841789584055,1.0542085364205542,-0.9343799179938022,0.01472404510492132,-0.875516407021395,0.3293303862050038,0.23349493261005558,0.8555017683412149,0.47049139118816663,0.7032409922371547,-0.5529351423032199,1.1398051600957453,2018,2
12.143983041378235,-0.8980016511933182,5.99983096225062,-3.364630746969897,-0.1612454089324658,1.2595639170030504,1.707203302417824,-1.1195587537318559,-5.639449929906909,1.1790210540770423,-0.442464406959355,-0.5039230576788362,0.7442279109983762,0.922250562389564,0.3786784796413376,-0.30645212030257774,0.6286549520176367,2.0482912872524124,-0.0950708352877618,-0.2610370541598887,-0.3296695617536639,-2.4479817719222607,-1.1599427348797025,1.4282554830164282,1.3717885101394647,0.3481687303890434,1.0041946951064085,0.7494106450412684,-0.18746147952513476,0.43375365795323895,2018,3
11.590801385444053,1.8942888944560339,7.45575579791796,-3.5734978426243442,0.3897351933828764,-0.7925538408662295,1.7270456795254852,-0.07086019220036385,-3.4510607790495986,3.4474761678264145,-0.06638132531738847,-0.8217089545032762,-0.9235866407354791,-0.18512509198077307,0.4710342068855284,-0.3709285766302698,0.9993938440637951,-0.026773261614951974,-0.7550545985237906,-0.727459591361143,-0.682856819607679,-2.6780747735673254,0.07399555989878506,-0.43135004518684994,0.8024362808341181,-0.9349136900166326,-0.6163539734307141,0.326636335304889,0.47896623303713487,0.4482120506902929,2018,4
10.310108771321506,-5.119092653260769,-1.6712459889837041,-0.30962267889223705,0.8264866240609957,1.9454361372334776,1.575622917008881,1.8436712656391123,-4.304786439293567,2.4584583541717526,0.37805505510509274,-0.9380177476086491,-1.1090088448738777,0.255886332000279,-1.3482193438715655,-1.062481553814251,-1.8175413533567812,-0.7831669901132657,1.0689008025003108,0.4971004214488721,-2.348578031114337,0.4048709618609592,0.17460243014241217,0.5643784803919506,0.9675814361320936,-0.9715720854698652,-2.7773196446427164,0.3982815543256608,-0.3815233011054735,0.04628180115662121,2018,5
11.64485456114602,-6.691005440616619,5.301710191654663,1.2734323668211025,4.047527507207111,4.162543012358936,-1.4546990181308377,-0.679125094102682,-3.2016173937916537,0.29182639281749717,0.4739335238416334,-0.12426597246634896,-1.5371820732852872,-2.403905042282124,-1.562190225461176,1.774548704253492,-0.5007297162555677,-2.2414270979726307,1.1354875065991559,2.49495446275257,-1.3640212082430792,-0.08829386794199973,-0.49459773408002927,0.33801191569953415,1.0911362463930772,-1.7042725230427078,1.3172631041608485,0.00856699129687084,1.250981503210943,-0.295996091036733,2018,6
9.103632702900338,-3.7424583752378764,6.480726248806406,1.8786707451440836,6.471244903245457,2.5877568806549713,-0.7909916878570404,-4.08671884437739,-2.740847909614401,-2.2720418568708007,-0.4770496676620294,-1.744755856835619,-3.2081557475531177,-1.7451474859900045,-1.4873596325423193,-2.5830416694718674,-0.22055364369882963,1.4229043549737839,0.594811419829415,2.3456255057609887,1.345427050594305,-0.5823709646966035,-0.6083273972883815,0.1846294596799388,0.14403820026350156,-0.03732405711345443,0.8843690229081628,0.051060229774113224,0.6326070512602077,-0.8170664708516452,2018,7
12.092012962694985,-3.6871821595393173,4.942360935902963,-0.8683761319851362,0.9713017084882911,0.8522356692551589,1.1958701001456713,-4.0329388814223694,-1.431818004250052,-2.7523412895833794,-1.9538288025077373,0.9292754449339683,-1.583238055336502,-0.008332470902717793,-1.0013469255944079,-0.11570157798256706,-0.5567682439128712,1.2466577763589355,-0.8937916673693169,3.2580951742280355,0.01217245705042818,-0.12054796784590303,-0.23156628767688758,0.26900309267368583,-1.6139802127994323,0.21693083176960434,2.450462633413833,-1.5592886676763633,-0.6090367839066411,-1.3392417260639882,2018,8
9.413642429991523,-7.371952698520981,-0.4988889770202746,-1.602143011909064,2.2965704510311986,4.711409491289194,0.8588767923683291,-0.6232060973039758,0.6761862597234423,-1.4225561278736565,-2.215104661181373,0.2973416619609896,0.5866325904187235,0.8742159676104949,-0.0867650669884825,0.438599986949454,1.5190080798591317,0.876279070991458,4.200319131648133,-0.08072159896132133,0.4819732380197038,1.9692332072069654,-0.5696626758053766,0.0005492336850899662,-1.198990096141733,1.1990063634847228,-1.5689089162357819,-1.0278713287336942,-1.4594111844955941,1.8433257098470301,2018,9
10.695942452817667,-7.781160862682904,-0.090409715754967,-2.595267172666706,1.4185766720938249,-0.11339581929243377,-1.7282754076543323,-0.9250174970456423,2.2695095459287766,-3.233790325267265,-1.7951896252675468,-1.6908491774667267,0.8562119615588363,-0.20819845686975688,1.6738081913871812,1.209202579440006,-0.2650809931537525,-0.4067609547971608,0.594965685169797,0.7637368206399553,-0.29499080325796945,-0.9224611780022512,-0.7827227567850216,0.2054371012513771,1.1634607148697445,-2.522222064648636,-1.8053222185005895,-1.188155175321371,0.19990428719038625,-1.1874441612418474,2018,10
12.43865674511481,-4.727151126952147,2.172272997531062,0.7885069959607386,0.48087925562071965,-1.36845012074575,-0.07344716071297064,-1.6890393760515396,1.9723987251469883,-1.3181887775771777,-1.2082328141130618,0.33488995688710527,1.5975192002964258,-0.1226024443841435,-0.15000016159668098,-2.6401380261809284,0.935883466700498,-0.20470232511009662,-1.2916735802031314,0.32642843864766063,0.07571802761377792,1.567459036656438,0.6172459845054519,-0.5852925034807007,-0.057426803138576545,0.7613354439230005,-1.6774627962237714,-0.3341681052771037,0.7412877845133702,-3.220076292423868,2018,11
11.521968300407714,-5.248619411969173,4.1531911898553835,-1.5894741507583492,1.2722116642796475,-0.9853895745910043,-0.1305015080244944,-0.6322742496976647,2.94885106974299,-2.5145458998062096,0.35877528275907844,0.7846876150874353,2.480672455898108,1.8599146044551096,-0.9810323720465551,-1.9871409584027346,0.8308617026455869,-0.47341661764379567,-0.43992184503745124,-0.07142272506429308,1.2783993697600438,1.2758502350363554,-1.704896694263237,0.6856749170938947,-0.6476349202535832,0.15095340868032844,-0.10597852946618279,-1.397783343425635,0.8145024715452491,0.8902608658715515,2018,12
13.800490601765222,-2.2161546260520373,0.6968241661032132,-3.8401016964794907,0.27724105416276645,-0.3714739427922358,-0.5296250465981622,-3.338279142920899,3.0934132313256573,-1.8338528274797026,-1.6490474144878404,0.6855225116382911,1.6859595735597226,-0.9506879675449328,0.08907914881710999,-2.1680921301854523,1.284752846190356,-2.2576867640974805,-0.26437189593187643,-0.6210444197086328,-0.1813318723778431,1.5130784302786788,0.47049331488855684,-1.1240679565227534,0.5118285592810282,0.4492538293174404,-0.2652475987557472,1.3552132095151506,1.7521415601430796,0.2813645142283948,2019,1
10.578207888959186,-2.4437576808266863,3.3061915741223213,-4.028851034425823,-0.5383974054562612,-0.8834072267313688,1.4921294169770871,2.5378594201781643,3.6231142493078576,-0.6294857026196964,-0.37929157175599204,-0.19110244040843005,3.9918036374507078,-0.11966868384295079,0.37511362920102154,0.014993612838476235,1.293404975402511,0.4386901853123849,-0.43812374864750964,-1.2279021811452908,-0.12965486046777644,-1.2453167083893912,0.015838639007264607,-2.269333717222054,0.011035191073848621,-0.8116537204104189,-1.6741659298983051,1.1239357823561742,0.37962326652154726,0.8423318714549869,2019,2
9.606033981822485,-3.661019120156541,3.1207497997406493,-0.995408345382808,1.1550543961130721,-1.9609692779896641,-1.0682990848403124,0.06867585759680142,2.844451733344804,-1.9410855605652357,-2.6754898172213273,1.4182291051647948,3.0076774674956983,0.31075707184667267,-0.46323875397136144,1.173837013474204,0.22612809304800086,-0.08478767357568658,-0.31523277630344093,-3.1203634713703563,1.5977159829768275,1.288774791605922,0.9865318385264306,-2.217346384544086,0.12507936079171203,-0.8646392614957592,1.314025722059335,0.03217792318592098,-2.355619944491095,-1.3805831052441973,2019,3
11.770165058656849,-5.374296403493901,2.78585670302495,-1.8959376637342231,2.0516061519980195,-2.8261466236376838,-2.5018357755115774,0.12627879711450185,4.469817348808922,-1.6366087860048188,0.6646190554653627,2.5792031791361487,1.6532849624218227,1.7161734880365704,-1.1301950128874376,1.7561128550336325,1.3644092084467123,-0.31670390410032156,1.3628436879170802,-0.8029323050133911,-0.2972507381453803,-3.9510774913224296,0.47780832329308065,-0.2318503090287869,0.4635157463489058,1.0025947757660973,-0.4592042463560583,1.1068878583510868,1.9278049199573557,-0.7038804748407197,2019,4
9.77077700818043,-7.677086717741647,-2.2162448374270687,1.4715006133404964,-0.9259854209864896,-2.0055269338188273,-0.04385725764685218,2.0741452525390276,3.9443663833035614,0.6835693780239104,0.20232480110439832,-2.4064695676972927,2.9373050563497145,-0.958682945296437,1.876099150985642,2.197711051941928,1.4163017763343766,-3.5766699853894255,1.6414914085250798,-1.2824538086317003,1.056846806474416,-1.6038848901741374,0.3050786989001909,0.5510242316648544,0.4548083174028491,-0.6203558907976213,0.5108759522802985,0.30283997534493784,-0.6099430628155471,-0.5527584484919879,2019,5
8.706396602894873,-4.756698503449717,-2.71104571830016,1.1807572838172236,1.7965104317491283,1.3646557443925043,-1.0100243383707945,-1.411939409761159,2.220816749380958,-1.4783055739189643,-1.2098740285394496,-0.14894399490718147,1.4651708414356603,-0.710613453098722,-0.91284507884626,-1.2993434326254971,0.4715885747296668,1.7066051431706994,0.5812844495205184,-0.10976201769303355,0.40396295368064034,1.5639496892874938,2.704232270563912,-0.13278996292583875,0.5320219663719411,2.2144152977471414,-1.3093794052764254,0.15581910076690536,-0.7225333086032757,0.12911689103847962,2019,6
10.51418814665421,-7.836939851331952,-5.566334485168664,-1.4733196900325622,-0.950009200873807,1.4332121186014164,-1.7056465640649454,-0.6691822026844921,2.7757570525299102,-0.9653952826488932,-1.340418608787451,0.2100043158023753,0.13229004022738852,1.2788626967723438,-0.5411579863068203,-0.2100021426596539,1.1633951633720225,0.3223647644385485,1.1557396858382607,-0.30512653635295556,0.6464081889943639,0.9587732542940763,-0.39005576649868956,-0.3273586713630886,-0.9783059141193003,1.1301553908670288,-0.9222502157002408,0.018722934602195304,-2.2341884218529833,1.2866212287881753,2019,7
10.644956811535325,-7.222116244567015,-3.309456527193848,3.2992670344317783,2.4098460310116185,0.4003599903248105,0.9481043815028619,-0.0408145027301655,0.91904890458498,1.0424941722117216,-0.7464307522212197,3.4369747038625436,-0.688464348582527,0.8911875801962508,0.4740640032657411,-1.0401319166231984,-3.6162052331644974,0.9943504636802699,-2.93165995665505,-1.3670528633218282,-0.3540261138021567,1.4688992463012809,2.3947559194689205,0.3625883631285823,0.45743851031949956,0.16278584795491838,2.099373919480348,1.0633200277021249,-1.3435306309670736,0.7472333669979859,2019,8
9.004646364331961,-9.60118362542112,-6.950468505076509,3.791266369382044,0.5614019290479034,-2.4549335430713937,-2.145820869773852,1.3924308401308583,0.2901856035322389,2.59838386278062,0.32363780203751036,-3.5031407342814487,-3.7492442019079166,-1.6349906177878812,-2.1334453781896325,0.5228525618811879,-0.06872586835427684,-0.23655342699036408,-2.0133237377333755,1.0692157140715324,-1.2530392330426647,2.543543483007443,1.432846356900233,0.6723978611951473,-2.1553872870536703,-1.94692590871082,-1.282252360387447,-0.860432886081645,0.038348195666427054,1.5009286507055553,2019,9
9.621199082643924,-5.936225774612049,-5.947281840109557,2.3798304399213146,-0.5521493450732077,-0.14174805983806066,1.0805700303774415,-0.3148892982597947,0.41654769913746476,3.267582149589949,-0.23578143490391765,-1.254083030638356,-0.07759688025609518,-2.4019845450208748,1.9683253287056104,-0.7825853442879583,-1.4165115213286674,-0.37332630027109975,-2.18116924563861,1.5292225872939793,0.8584937274487477,0.46074867974029,2.482903654627035,-1.3518970133756114,-1.7755635139372439,-1.2057332288508913,-0.6809765910029616,-2.1059880076230897,1.335852025438648,-0.2708644622899294,2019,10
7.5211917256612395,-0.034590488078959834,1.2719902515432038,-0.9150007410244241,0.7206242660947744,-0.03435082004936067,2.3511614331695827,3.2255884600979274,2.2650066661735315,2.4053880288825082,3.55005306911939,-0.14085402859947485,-0.1308090363499511,2.230956939266041,2.1364425165146814,-0.9696299716936949,-1.0971436863151436,-0.6041328632979363,-1.3950429427803779,1.1060180716132864,1.1989154632913066,-1.8899266676054873,0.025525752659541028,0.47497977514631323,-2.387558581632159,0.3847703470817826,1.1342885265694052,-1.1017860154547654,-0.09032829082862474,0.7436760332823122,2019,11
6.603468779609586,3.727794906784765,2.3742388594556956,0.8578673697058168,1.7813538080131257,-2.077021383275239,-0.018586536976215345,2.8374821174778297,0.07355343080258332,0.9389670380967863,1.2429253123659219,-0.7274008044228081,-0.9474592262630059,-0.25989395393530346,0.6948231514167706,2.8196045616261247,-1.1941282152686894,1.0271907788648176,0.6322753079176779,-4.051949281805719,0.38988587414090053,-0.5408163550717233,-0.3102906507535739,0.9229458834261728,-0.6527312477087593,0.2499212576283284,1.4350259368154143,0.3329680287699285,-1.2983275569341806,-0.07557662843927825,2019,12
6.617637812524585,-2.103633617393771,-5.154723437084965,1.4236467852430787,0.6815245439455633,-0.03091437718612705,1.4066093531970323,1.7814167978095576,-1.3549160997672325,0.859310281854834,-2.1814512054378556,-0.18191171406009193,-2.476253088943862,-1.3271619843407862,2.084335241455195,1.0914660013217685,-0.9006714872856941,-0.6063571607158814,-0.3076348312041136,0.8507006227481095,-2.0236596942980256,-0.32497899009356007,1.5632858791087032,1.0083779931627086,-0.2959899669468261,1.2266248948757743,-1.3177804974971603,0.4978495421862448,-0.9070985274068719,1.386910189892811,2020,1
4.633345432376076,-1.079954867904778,-0.3322322435866399,4.4293023854163325,1.6985461374719324,-3.487644813241381,0.34879231735340993,2.736042746023778,-0.9944983519432655,1.4091914167704183,-1.4160827997365413,0.7166534818769636,-0.8619246843762807,-0.3001957394192207,-0.18316171387060176,3.9498835565200365,-0.935164105984064,2.011452124680541,-0.2562416932937139,-0.6277262188335191,0.20087324211372298,-1.892959540186192,-0.39442292026587544,-0.31435794912708775,0.08466541715375006,3.0357261028755596,0.12591776607694172,1.70727511876348,-0.9651912763438323,-0.17152801579044216,2020,2
4.207177672359015,1.5088054095381882,1.5985025953404628,1.2983115000111545,2.64027873597082,-0.8343552616288741,-0.48879411584854743,3.8693525454858992,-0.1322887239687786,1.605566087576926,1.2675418730676222,2.064693923130889,-1.327648614430256,0.9693312934273071,1.2306348537915022,1.7120288104511727,-2.1683204419288447,4.285113474121934,0.18598147935131842,-0.24836845498239402,3.116823176008319,-0.7039894929626406,-0.7102515410086169,-0.24212797796872879,0.18529135549151068,-0.22206058515975108,0.16068088857625526,-0.6127139615320905,-0.05971620940664793,-0.16655969762061926,2020,3
9.203746513876181,-0.3838886319991419,-2.9659809374502575,1.3178179804841839,-3.080922297874733,-3.7276915390304723,0.46514639141590686,2.2544547828678625,-0.9126530401577837,3.085518447827235,3.639688987000494,0.4757275900996758,-1.5842026120106358,0.5584542763821401,2.4314764329497884,1.1249340432430952,0.04377119583616105,0.7869883205768523,0.3974126609455237,-0.08932118502268194,1.5424641289093466,0.1580106366246162,0.31460051279443463,1.1640847617948238,0.4355251828603294,-0.9287470072331214,-1.2492092555546679,-0.8400146681527421,2.158996920814323,-2.4230326301760887,2020,4
6.941198892158384,2.9046625449100683,0.10782742995857529,1.5497197008794594,-1.3894018242375072,-1.9002344491841396,1.768271312375891,2.5331581852848175,-0.241857812061338,2.1622757994595836,2.4478823274964405,0.27266170598635375,-2.348695570254159,0.036024441596974655,1.6369012369080707,0.08746541439147096,0.03039949548517042,0.6330480862625358,2.432430714782566,-2.268452476329805,0.7695962881313824,1.3091279818054522,0.35807652211555485,-2.0945941440020226,0.19161029651282502,0.9047996839630533,-0.6706568665590481,-0.8873328466051763,0.7321966178695246,-2.24950495645669,2020,5
7.513832871617443,1.6941770219002468,0.32473135298680555,1.060115968015257,-2.0581018109979703,-2.358397863254792,1.325956686170943,-0.8963223371909493,-1.0066054791961319,2.2324511268951532,1.6526076917407253,2.6051630713470364,-1.619561880358681,0.9360044681891884,-0.4918239644246876,1.1501653730116377,-0.3802090776497285,1.0385002876637028,0.3014087470741837,-0.7634893203224823,1.378484134647396,1.242685778900873,0.9122112640507845,-0.42094712856367755,-0.265299775333265,1.1534430913149847,0.002465298109724615,-1.822582855713368,-1.1071916209557935,1.1097826434181572,2020,6
5.79046196896007,3.1438213532024544,-2.4442887349149074,1.3871720874982052,-2.1662990475507162,-2.488690287424456,0.29774679354145867,0.6633530314410301,-2.713314135582864,0.4871568217005348,0.9599779103907644,-1.6643273558229867,-0.0011116590217406426,0.51983041901744,-1.6914977229640533,0.17223547891478191,0.3677543440609572,-0.6050473385572671,-0.21114820937562637,-1.670554664813482,-1.4554342319889901,2.966093007233281,1.0270496840041647,0.47789096949753823,1.4015354732399226,-1.7076295413363658,1.4830762432209128,0.06253595826715523,-1.0953172339195751,1.1180983110114393,2020,7
5.197650015206195,4.214364175736045,-0.12878684236131718,-2.512664918962682,-1.9164757229361737,-3.0644029671506092,-0.46080560682338395,0.32786593459732694,-1.4050876425057364,-1.8862484068813767,0.24389657320210878,0.19252395655651183,0.030450676626776942,-3.55531706834619,-2.7444738793094956,1.1181832935575513,1.7880097029320605,-1.985987744097216,-0.5482978110910488,-0.9595048780962443,1.1730052781280218,0.7346095233669268,-0.5330020748124026,-0.24537365291159594,1.9361714991407546,2.1205528868073227,0.915867566676192,-2.59432689433006,-0.4380890163620456,1.926844533876896,2020,8
5.6479262147214655,3.551702040966266,3.224779003992985,-0.164600634304841,0.22555719617662104,-0.8148876072415563,-2.9794913146047275,0.23643152151686564,-0.5352906914930133,0.08904851015454304,2.6708837451386143,0.08908674243438967,0.5577740634930174,-1.3687596733421452,-1.641559101268219,1.490980856744794,0.3217622512690572,-1.6042218576845282,-2.278970611906373,-1.1475705191154613,0.21427188220964838,0.06689306595945436,-1.477736733665345,0.6288249964726903,-2.6960445587836492,-0.08388860921278467,1.3209185820229508,0.521786201074881,0.6600407518850997,1.1790249730019775,2020,9
4.09539298488938,-2.323477029816425,-7.468606217350334,1.3529299352022741,-1.6365677954564655,-2.5364147473075547,-1.3889371400558768,0.32672243852364174,0.8397608655399775,-1.3973976406327249,3.777468765496034,-0.21118803778582446,-0.6991949370968146,1.8714479729765845,-1.7881690102830077,1.5993537273617602,-1.1544714891160701,-1.923423397500943,1.6654075494759304,0.22216913064823815,0.33405258985873176,-0.9100019630421163,-3.209352128305537,2.146501566408792,-1.1512531422737333,1.379340315489939,0.08086587906252296,0.21654873055182752,0.6491426178509233,0.4308926175432662,2020,10
5.250512043504797,1.671633988589824,0.6314012278940335,-1.1557662017810286,-1.5577854339030028,-2.549568428445025,0.523887424496566,0.5857688531984738,2.223570733072698,-2.4626291056704566,2.582577853176842,-2.7512217253935245,-1.6961962136431856,-0.451975976691456,-0.6572811441533741,0.8802851486033381,-0.18370366842603744,-1.0776063467465429,-1.0118164288527958,3.61516612549071,0.6266160005939435,-2.2357513500657817,1.6945097056685547,2.527218611408612,0.9102337400611916,-0.08924620420617839,1.3807189827020567,-1.2459762437532547,-0.8591553786240426,1.3444506010520236,2020,11
2.522449879587819,7.428940368568484,2.263069677972449,-2.604485325072783,-0.01190910999298526,-3.2114653221938796,-1.1812047475973972,0.7258592728073354,2.2977841736986275,-3.389405088898723,1.8396548035691198,-5.071804482953978,-0.5640131762660441,1.123895753852698,-1.9792933321343247,-1.060048862357579,0.01640420046877932,-0.11278953493729542,-3.3934173619185235,1.308775317520314,0.19698974743457054,1.0567453658390802,-2.2620833178688606,2.436924926829701,-0.09640374198523705,-1.1948155313189173,-0.1290806321519501,4.81895239994684,0.5895338054022595,0.2551156407205948,2020,12
2.09352965112184,13.60936937003054,2.105478452242865,-2.4375804753344132,-2.3911352001879016,-2.893068684720604,2.9338113520866296,-0.5271544896622343,1.0023826860184952,-0.4007429163913969,-0.9396995873335325,-1.3306011067626988,0.9255271857741577,-2.413552668780977,0.4962594484122662,-0.6629523545976612,-0.09973041712940012,3.8689188657792015,-0.33503721258663033,1.8921179648168462,0.3687842404534808,-0.9088018724221586,2.529660082033033,-1.2606911288045766,-1.3757232182250603,1.753169772463318,-0.6854553638626871,0.20868906553395125,0.6223584244959092,-0.24145855793372648,2021,1
2.240262637906211,12.207651609542296,-1.4487240382669158,-0.6280833022761876,-0.08025141722498978,-6.188535085769075,1.0940807712324256,1.7582093990023233,1.7075658040919934,0.4427450063328366,-0.6269779503182973,-0.7165864322971789,-0.5266050656551589,-2.9313576628860276,1.3201355448445191,0.9778493753440085,-1.0086794898541118,-0.7596257520357919,1.6037430765997267,1.978843483260819,-0.2650580638454655,1.6697302281445345,-0.5362659382871054,-1.6755402769983296,-0.9855271889858027,0.4074109427639243,1.8035148980924507,1.2925796470447042,0.2709140424369333,1.2021522034690064,2021,2
1.351813946384481,9.931112241207682,-5.392269322234585,-5.311651383575632,-5.61400953321827,-1.4508552301824342,2.137307443952362,-0.03910926239954346,1.4139843711689122,-3.355625644184447,-0.9729350252166742,-0.6222724316803406,0.05671011520697244,-1.9854212637530455,2.4450304610041984,-1.4255506371148576,-1.210372729694343,0.5085174747954883,0.7920575991878176,1.248306908428892,1.1779275819163657,2.3298587715918404,-1.339573908524928,0.2800573423302382,0.13085396163160423,-0.739654099672082,2.1397191034672383,-1.9680480105890379,-0.3945138954405836,0.31391396512207215,2021,3
-0.7770618243879089,9.87725406700245,-4.8396890122382725,-0.030473481012431188,1.9610523884316886,-2.148425455995398,1.768935640322115,-0.010142040083671073,0.9241231545181099,-1.1411075887142,-2.5917311764571025,1.5562199698460655,-2.1089217744341293,-0.13369183296286397,2.3748555162690987,1.3148374808452319,-0.8878018265975787,0.3242963824340847,1.9327500887482763,-1.1255915071615552,-1.715895263547473,1.8401471735244628,0.519189699682897,-1.1073849485503895,0.046918836385797726,-0.2746302898539202,1.9496586201853516,3.0436039403056987,-0.5380852691447072,0.42176403529892575,2021,4
-0.230234421493977,5.186244296726092,-2.58732650086918,-0.5803894710035865,0.6561172804215623,-1.22201536361854,-2.15269508397921,1.3349549767597513,0.7223846868650221,-0.389855386625657,2.150633744871633,2.9198786700021597,-2.268644870390906,1.6652737390839616,1.1036088786878089,-3.139760400414944,-1.1981448431104211,-1.5610108640304676,0.09441549306217308,-1.9562320439748524,-2.5838799442130456,-0.9724360488790663,-1.6708598402049593,-1.747635926271456,-0.886087177718754,-0.641925060115127,0.009013980255927829,0.0843478519998523,-1.0121827120924671,1.2870695434184256,2021,5
0.6356065490591543,5.444913208703622,-1.667097905666144,2.123800374018843,2.3968522114913084,-2.400191713127696,-2.2197814093843826,-1.3138555602797495,1.1431719735019015,-1.91426659671685,0.41495303170531056,2.7723162870654985,0.6163282610207464,-2.618354530070588,1.6394532711253824,1.0796858241036866,-2.477568153094423,1.548418422086862,1.2977433203107578,0.6158821730130292,-1.6212574082646833,-1.173324781387073,-3.061125279334235,1.1473759563851105,-0.16196924825010317,-1.8583814952631839,-1.582233697894805,-0.055527379747106836,-0.9952480151694271,-1.66105546832387,2021,6
-1.9728724082483569,5.940922553669852,-0.44870962820166577,0.3747215271096131,2.340512180995716,2.106223001481168,-3.2825780675664924,-2.5285616283179824,0.07979101697554991,-2.0131051777135545,3.4364284189249603,1.3712467459843471,-0.14091361338904201,2.4334480414547532,2.26052970466386,-2.1915475604578023,0.029299777488302727,1.5258141613071259,0.10555152815460664,0.6246454502387573,-1.7983409906029257,0.8366282891055133,2.210611879103867,-1.118416884381985,0.17231378761938715,0.39450490664475335,0.3830584020510166,1.6001587534370094,3.0600716787082622,1.9974317684831764,2021,7
-4.312403278297996,9.216793757823867,-2.646212146470341,-0.0026364585500617517,3.2699266022701186,1.157137942003808,-0.18559389190777512,2.1651225936988556,0.6706702969598042,-4.001544242306988,1.2414710722243907,1.7713260281819585,-0.5689180850458049,-0.9499053400522441,2.9245143988706377,-2.2686697237800986,1.1501837774102923,0.7686930633310466,2.9703235525165397,-0.7461992781044664,-0.6561087458492237,1.9094729115648474,2.705571571716675,2.059057913282701,2.2828701324262113,-3.8552878950083036,-0.23013838602810482,0.4305314132337562,0.009889404769830981,1.297941893110024,2021,8
-0.45995070178991215,8.541050709462528,-1.2020046467557668,-0.06289903365196069,-0.0746878584258854,0.35834880470783853,-6.073160186861626,-0.8810384345954916,-2.398841342105075,-2.0926193944258853,0.057512731227863635,4.577616751687478,-4.658946810623689,-0.6111058790626397,-4.420892416201958,0.6340699734276016,2.8423223394352997,-0.04369059666236704,3.5314529592679107,-0.5934511819089506,0.3513083094877634,0.15393756561689237,-0.5905586571958636,0.17169902976076826,-1.3584070233086603,-1.2300407203359893,-1.501961360984832,-1.751738258810399,1.5741313587495696,-0.649506606248257,2021,9
0.3686296212367222,7.544664257682074,-0.011548296927596754,0.10217457691795233,1.0129745506734988,2.4047912088341046,-3.7468598732824034,-1.7251053638376044,-1.7344750099189141,1.925189389050674,-0.7774710269061844,4.3444571685895585,0.37263610413071274,1.8768004545421193,-0.7953216297854708,-0.2844134552879064,0.6715078251483492,-2.3533680698707893,-0.6965117756804412,-0.6531497751268972,-1.0106408161714018,0.47758660978338185,2.0048961765826987,-0.9202988471955087,1.0478857030061253,-0.5798414962352307,2.018487071463942,2.093744028239153,-1.0741659892791806,0.22435746082213748,2021,10
2.086090341575726,6.145279934596515,-6.342002368328922,-2.2682435429621943,-4.233230676267997,-0.1089593994760619,-0.7862230238368154,-1.5720891425917631,-3.6688262233813287,-0.36383644214240085,-1.0718086342483386,2.4579178144376517,-0.050289835705158804,2.015259266803586,-1.2097494601672363,-0.5840799134874026,0.13956080339724614,-4.230490618031766,-1.2682499564650447,2.083751962830937,0.8328580111232398,1.577918972470627,-0.7550885538536426,0.964286054694077,0.8641196006979298,0.2119086690514796,-0.09400443870778344,-2.321716780022025,0.0274816837020113,-2.7179210728263117,2021,11
0.29903927882649406,5.5689405661494895,1.6407561874168537,-2.9295504830078483,0.0951909938608731,2.586636493057924,-4.758919953359588,-2.8256604814452553,-0.9752640675746658,-2.3593561186905307,0.6045416200906146,-2.7232096864750694,2.266878306431089,2.1845217961370302,1.545396941551247,0.4369574459293119,-2.768334117471469,1.5328015723725485,-1.276683099863947,-1.7380144630180443,-0.13632475970862742,-1.924840692489233,2.7155024416606666,2.3781861885035216,-1.4575456557092616,-2.1008265641287203,1.397576462276061,1.201624825839189,0.8380349476373349,-1.1832596999937688,2021,12
0.8406816253719497,8.979306217009356,0.013006536873894041,-3.769081156693975,-0.9313462121334297,2.0778024999361007,1.5125157639870348,-0.8049253524049527,-0.08715205915178593,2.50160860026415,-1.1843922997123266,-3.5901316322947667,-0.8592521552513676,3.2888101968310623,3.3090645319536725,-2.03299489243451,-0.8821173545288196,-1.2762316091759944,-1.7812121337138587,0.9537273369924918,-0.2457016261376989,3.6296082013671866,-0.8817503020632107,-0.7593132800991285,-1.5436663348899153,2.780627379762063,-4.15744073356712,0.9660970509611617,1.1710521434488403,-1.1598291216819776,2022,1
0.004713567266989718,7.861909998230847,-0.27831213743846006,-1.0658619347679765,0.5094839209691737,1.5282999734641065,-2.828297168769669,-3.3870984459008695,-1.1820920460105497,2.8994096835315313,5.440001677387075,-1.6892540953250401,2.230064141436118,0.4967207940436626,2.348732199129952,0.9937592172525715,1.549331423806967,-2.650339088509568,1.7262399466819083,1.3062063448399548,1.8789988539249625,-0.7531034840105092,-1.0826308931586492,-1.4592502833508996,0.8375347587368351,1.069500289891316,-1.5640350878354248,0.30722669151097276,-0.4228198967439349,-1.148577533576379,2022,2
-3.803112682143963,3.9979868557490144,-1.3533619938546417,1.902286692535271,3.184139774197529,3.8222263617692516,-4.67006372163784,-0.09027026679232042,0.08272480104906299,4.029883643325018,-0.274754955175139,-0.9361676008318077,-0.76190405243524,4.316974448273575,-1.3192495702308085,1.388720841386795,-1.2748190616043167,-0.04431071298564555,1.1442516288784648,-1.4048000489854313,3.924229645329083,0.28581053413902974,2.7644856895692196,0.6811563862536539,1.3446101669019348,1.5546455812269637,-0.8112200002966529,-1.9910056402240215,3.0392799468732097,1.9001075668337806,2022,3
-0.908213749531698,9.228787028048027,-1.0892146966388525,-4.640123655025694,-0.21196683450798884,2.661474335451731,-2.8622111350065627,-1.398688056524676,0.18750495687749485,2.191479823789483,1.5329141489580407,3.71848421478009,2.0486669431969844,0.6841859852360508,-0.2463470105414404,1.571659237751272,1.9165355902025594,1.1600124422227813,-5.297353216801366,3.545359122410065,0.865886903682278,-1.7057049319523194,-0.6988055785938556,-3.3272983619917413,4.756092338399368,-0.04688253380638366,-1.134939997116126,-0.40536318778843733,-2.147655972664665,1.4849107504117252,2022,4
-3.776884597861969,-1.0314997456832329,-7.35706931547825,2.2533203016448677,1.862750037371323,5.044314302743583,-1.746647785578087,-2.0255237474071253,-0.795923094471055,2.005671331135977,-1.3274285139596154,-2.0441308884632314,-1.1163753295808398,-1.537227869158729,-1.3568346923137555,-0.10560126959719593,-0.6527961240424108,-0.5728369002783623,-4.249281166393855,-1.8179544372632512,0.2866444860699469,-0.2989945069514594,-2.609634898844058,-3.216725300405435,-3.269350474477602,-2.9683554516113664,-0.9042903019444031,1.0204082778587822,-2.0219090147584455,1.5143453932489257,2022,5
-5.026408919141169,2.6452378882402066,-9.268344489200768,-0.8586168538251497,-0.123021457558939,4.510953582374444,-3.647534424652592,-1.519974784365939,-1.1864858828724838,-1.0830766594404222,-2.68180127288038,-1.5313828140573456,-1.332083617435746,-2.1076915767600988,1.5997579605131516,2.17053954761114,2.20787050882649,0.5951998199231273,1.2333703669952616,0.18209911020482855,1.4974134827454104,-2.943747231483876,-2.7769985354784463,-0.36204286141617886,-4.047849221682495,1.2449810224254043,0.47610767688276323,2.2757855658753705,-0.5105918880458604,-1.2453721760666565,2022,6
-5.852362425842993,3.7688315938145682,-6.063856552545131,2.314405251266671,2.1130772799948305,4.6797533851792,-3.7272434888003674,-3.6521182233548126,-1.0307775530831864,-0.7475368097171442,-0.9982617458007588,-4.416511645749075,0.9628289648488927,-3.4074050655069734,1.2133211976480194,0.7017497393161036,-0.401558822687697,0.2627672551612506,-1.7067262064428486,-2.6474147061669324,1.1245020386879263,-0.8452162521661859,1.2514281085728367,2.4178157391896606,4.0050809384040935,1.2241404314824431,1.2951049972269495,-1.4887747236030766,-2.9627296637854545,-1.3928058055103114,2022,7
-7.252740903920762,2.1050423504860185,-2.4299680104609513,3.148575060428704,3.679287105883026,3.4100318877780933,0.6113980616023841,1.2241012463902397,-0.52172654554536,0.294043002902573,0.34428671772542563,-0.4000996032366719,2.7191978218367683,-1.0483275585364344,0.5161412172232811,-0.2323293377209534,0.4299892872957012,-0.007946413956307697,-1.2282498542059328,-1.7474585206203568,-2.872241230683872,-1.6068316049209124,-0.4703491789645112,-0.5712120718923434,-0.3081029433922714,-1.079101524169723,-3.6493022098290355,-0.44184144450432383,2.0752505260684875,-0.5100224034936066,2022,8
-5.771840048156066,0.16285228856141767,-8.52410295407828,-0.8274027413897894,-0.3219767573171713,6.893308631209746,2.9032714283013714,1.71447868411515,1.1937543449827523,0.6584247819394893,-1.3203453283575999,-0.4028349929712469,0.5133509937766436,-0.12130725727540284,1.0171282797253518,1.0758474740285267,-0.8928032350584925,-0.8174295734434205,0.5270129547842092,-1.6805885435066479,-3.189006662226487,-0.839791785967997,-0.08771112387070082,-0.08513908394212083,1.1177687994176289,1.8627645923062717,2.1113483580542645,-0.4506833379480501,1.6854890853647697,-5.203844480548287,2022,9
-2.5763558471052925,-3.822919164571841,-9.632683350472385,0.7049675342502346,-6.285648676868552,-0.09170952384013094,3.7452811576776077,0.962884547661382,0.16164124904960156,-0.9462432894987246,-1.6031836810062425,0.2952740561421015,0.9343841847292296,-1.843867651195824,-2.0676375874802533,-1.0905267662397962,2.3529207837009234,1.5953417264573775,-1.372527409704506,-0.631290460608311,-0.9997631233039406,-1.158568944297985,-0.5351360585157674,0.7023735438462188,0.3814999064688834,2.517379415872508,1.7889054380582963,0.6167618502167663,3.4325939109329475,2.1414218279673367,2022,10
-3.892466133902265,-7.075232914906663,-6.959163235014563,4.515697519230722,-2.6693348254771,1.986023615545299,0.8335854706952389,0.332636111765444,0.5865874022675008,-0.35563829355937115,1.4399511761996209,-0.1469710104150991,2.21227918028346,0.059173287750526216,-0.4748496581022723,-0.5793354845196356,-2.992958217380418,3.6934446392127134,-1.4068703928624948,0.5623257488175707,-0.3653530560932869,-0.012717860114046792,-1.5873871902638115,-2.4254194941063116,2.7292379485420173,-0.46043081074863423,1.5800317530360286,-1.5077203829908905,1.3743074950947407,0.004589304510804393,2022,11
-7.906440323813594,-4.463878865119238,0.6541772248918238,9.005946801442658,-0.7769582549434558,-0.6775296315899276,-0.47862044719703195,4.1775688450728055,-1.174537033877774,0.732682207740571,2.114199847230935,-1.9987110850716452,2.376853433253555,2.34796704829706,-2.2435846534223325,-2.7683198415065977,3.1986905491473085,3.6902638119379527,-0.3000770467167356,-0.8195450056569896,1.779367083208491,2.2037124403602135,-3.4323476391717502,-0.5887033238507404,1.196228543255309,-2.9043579297007667,2.1508765262577647,1.066109545902324,1.6623366421411987,-1.3295403035077387,2022,12
-5.28695805265317,-1.3136877373877114,-7.409587005789137,3.9994829499426108,-1.817950957013332,-1.1417005812680887,0.5655787285704771,-0.9458895381919606,-2.132771856826077,-1.6675592108677828,0.5393654984193342,-0.7587721167924317,1.81925112596721,-0.5275187532965323,-1.2300181068573162,-1.2222982685357098,-0.06076762237127047,-0.17284267774639706,2.0715318293426472,1.7440674585760434,-0.7590973469278803,1.1346416724606958,-2.352503893020578,-0.605733052580883,2.77478509118699,2.03246387553928,0.3613934060237992,0.7059482645052286,1.3986832200757777,0.13408517635654124,2023,1
-6.047538457244931,-3.957925637068397,-7.487185957520305,-3.3002808281149822,-3.0801256203216085,3.4671362718275986,2.6533891313071,1.8996568117999104,2.7646373237170576,3.5265015991477595,2.1647805547044308,5.57679378458206,2.721937447460607,1.0655782807733045,-4.944229407969419,-1.430310862599781,-1.7076060030884856,-1.5887128041724943,0.8025183542622376,2.0074326322942126,-1.4153836534637787,-2.014189242714708,0.48637296935193713,2.876835018664222,-1.0268075330927962,-1.590527084625667,0.12257339356260595,0.6339475980210583,-1.495263267024605,0.4315682762152347,2023,2
-9.815280754233433,3.825077665996878,1.5358556510213364,-1.4041843220328558,3.663227779815911,5.899370791491571,4.222480220626075,2.8254667453587112,-1.0523771257008203,-1.3762890544873254,1.1694607351641377,0.4914426915932855,3.8482404179308545,2.3350095566921234,-3.0632558517914337,-0.362716843419921,-1.1834156676487266,-0.20083173370992483,2.1007143923262053,0.04890564002711365,-0.6797008159358384,2.136320887274633,-0.08593698476829455,-0.860442205740125,-2.5543721210332655,0.7402389143322624,0.5113120968266064,-0.5220932078201806,-3.0948362993404195,-1.1004540521031876,2023,3
-11.039219489661361,4.7038493507637735,1.8026295291252183,2.696331546619894,0.11272072431338032,2.84777073689978,0.009795852334801926,0.08267271833818092,-0.5620770463985935,-2.1397136571207716,3.079335125875458,-3.934924813784054,2.9921097963101446,1.787408872955849,-3.011568623273128,-0.6023448143570902,0.4445131054359828,2.745983384057608,1.0604807524949278,0.13403904509153206,-1.8689186429266182,-1.406414807630198,2.2632759950195487,1.8768226995496835,-2.7120394837397095,3.564333921820229,-0.5139148440999132,-1.115741695926841,-0.7501336983086339,1.9413929498753646,2023,4
-10.641724511704307,13.139944303415563,5.4403308070182455,3.0977355737677668,1.8049328627766312,1.1245748171127825,2.7266654428437342,2.0818366541037876,1.2409227627481458,0.3771980192396253,-4.936714345446391,-2.2638646312746937,1.163902117370702,-1.2657554288085178,-5.802432902278452,0.8630882043050377,-0.8619734147628848,-0.8623395260376755,-0.28197906455888466,-0.7357857061787085,4.426189714471269,1.0641236527906581,1.0500645186758928,-0.22568583638592768,-0.9785827461498584,-1.9770070048423891,-0.521788047556737,-1.405758197793314,0.8059300694947746,-1.055716688424832,2023,5
-9.764468976376836,11.685457377906891,5.478588383602658,3.0320933629332734,3.279553308109673,0.8742100862567104,4.144093774464721,6.433270615320735,4.738816382104597,-0.8015421635629627,-4.289293231116354,2.8994253972684843,-0.5350876940009168,-0.2748653231961282,-0.3350485477655862,-0.8010516983922704,-1.9503706415112445,-1.339909787147273,-1.931654515209958,1.8151884918681087,-0.2863625485206831,-2.516135781779114,-1.1790881494865364,1.6161951383020394,0.27533152633754665,-0.9726727766745068,-1.5236231468850254,-1.9124672090363046,0.7518908614289889,-0.4209325683983103,2023,6
-8.432147005602243,1.0841828062704366,5.472448000133347,5.6163036189888516,2.4220054832895777,-1.6623660045475777,-0.8287408894894721,-0.5671762787835078,0.5965579189134483,0.9318094835403732,-3.1515222871104003,1.2332928571198496,-1.9364831229735113,-0.10192841429071825,-0.12264620137187529,-1.6028576934993717,4.11348033868293,-3.619202877538575,-2.5828021189618373,-3.4331207223912887,-2.889589364727642,-0.8577799011388832,1.3387089516054498,0.5679170951496093,-0.6129078383714356,1.913193890570265,1.6544511655078158,-0.693309308853751,2.4683570960715264,0.4267928116101963,2023,7
-6.89068080476509,-1.40430119148707,-1.7478540216487686,1.6714811896268382,-4.9061817304531194,0.467069317701871,2.97983181505625,-2.407182708503125,1.7459917117987291,-0.08482366545044207,-0.7482516859173275,-1.5095987478923645,-3.0297617138825426,2.1069413831256982,2.564583699839346,-2.165494949237815,3.8617094622954835,0.017221683516083646,0.653407419729631,1.7778061962635,-0.8911634300046111,-3.799672289589987,2.391272443544954,-0.7157706367725772,-1.5198149983168507,-2.0664489244327506,2.567737805314063,-2.4555347898298137,-0.516233333489951,-0.9972861076537491,2023,8
-10.685141885952369,-2.1118977652656428,1.4453385645052153,9.072276840061168,0.0681405318197443,-2.3137044544773118,-0.1490609062977402,0.43555313285807074,0.9726170116573165,3.391832024929166,1.7976863587246847,-1.3038878730062293,0.00017400686049001617,-0.5508119685236376,-0.2724264307270673,-3.8076053437036155,3.5172085396838586,-1.279565739036494,3.1587478459786076,3.711685243574948,1.8078161896856622,-1.3100795640970346,3.0137542336329783,-1.9808564744473416,0.02241629070684854,-0.7240786598981416,0.2681422573085813,3.216857299782001,-3.611897794488926,-1.6516096779396547,2023,9
-7.867205712998756,-1.3414100803112696,-0.32148371235370454,0.4602939652070335,-3.2093548484726764,-0.7454394399769426,0.5135712932691919,1.8519554161884857,0.451813974379579,-0.05586911134745016,-6.344117262076514,-2.5240537632573843,-1.5644296418237364,7.2828884662499425,0.9955392041410273,6.119358721917923,4.900491672642855,2.1628221587682552,0.3222012603118052,1.8024780134466745,-2.4633750147429816,0.9976683404519825,-0.6289549071880189,0.9011722480306487,2.1123901007250807,-2.436947801535848,-1.540535215156735,-0.1390349945094678,-0.8360196138809138,1.4222603247083054,2023,10
-10.58754634326516,-1.61404400452634,5.600677752456415,-1.6468454977766964,-3.13733336263804,3.1256312064779563,8.031864688169453,-5.443914222715001,5.266320539471545,2.8246847391499594,1.4078504225386292,-1.9379425098819347,-5.152991150602904,0.7065555490648062,-1.9985189737844586,0.5080854865852981,-0.4749547794124133,-2.69199541080917,0.4987813853740144,-2.7553550395378164,2.129839182614695,-0.24448653895511685,-1.9829583210078567,-0.4404799916385961,2.594205747457474,0.9613975873157833,0.6079154991643276,2.1877697135006726,-0.39672535484584526,0.5875712913052359,2023,11
-10.95948836689816,-1.9604402598111648,9.228813563098466,4.980854373400064,-2.231453082190025,-0.878187285592731,1.509820771309563,-10.412457379589506,5.32373865628764,0.5545389549011823,2.173887584611395,0.038096365180842334,-1.4320452045254974,-0.04185568032425932,-2.773979601321327,4.652046940424503,-4.352733366654731,1.5340123684771847,1.3394802745607048,1.279087210260552,-4.094253888580906,1.448395586074957,0.2532935114096486,-1.8687811200102744,0.3157411549621138,-0.7119161729323643,-0.5179634523075636,-0.09958355058167717,0.9898027984359049,-0.7578865693461276,2023,12
-6.247005303959407,0.5524701062496046,2.256626872627088,-0.7785240964242455,-10.038577736491245,-2.565181984561717,2.759691520620843,-8.92660574043874,-2.1135416943879446,4.19471198428674,-0.7464177457028486,2.910989672882418,3.786907784475974,-2.4894553851486854,1.741853842321553,-1.2478587386003073,0.999724563148388,2.002599241537555,0.734390669260109,-3.8057922808776485,1.2193669903137294,0.03195760329563302,-0.2667612918042999,4.342287242574959,-1.6700328636571797,-2.790935434955595,-2.2244872852194795,-0.04372500083374899,-0.3355917226583792,0.8262869359238074,2024,1
-8.04656474450681,-0.921007250066347,7.304455783152155,11.118774411087857,-0.08987163318265116,-3.609912175484293,-3.8164984812866027,-2.1652312781810314,-0.49457816651901315,1.8606286257613718,-3.794398714905695,3.1691507258839016,1.3530307320901382,-0.0923279818291994,3.6078519421825703,-2.3569399528119206,0.295996321592815,1.0570381116731735,-0.34821377710812074,1.4235370076970852,-0.44374954857576654,-0.20987140477065516,-3.617184210819026,-0.1974206806928519,-1.2817799030563166,2.5422629658272813,0.4664766271869001,-1.7002163397111858,-1.1420343824542132,1.464315918687041,2024,2
-8.693394641792484,-3.0923181890387292,3.776659909355304,8.09554670349267,-3.888958267070648,-5.799230127615254,-0.8008449913982422,2.494199928882798,-3.9425047764101913,-3.5013648899268506,-1.1693498911170714,0.1425923954290781,1.136141887379068,-2.0091433257039557,-0.9789009601856472,-0.5125415508258372,-2.888086502702333,-2.3029766348528793,-0.5322600098588498,0.330332378605109,-0.26325404880875336,-0.7214911576776962,1.5687699832596211,2.0514210802960946,2.3331708700744263,1.9472616213608378,-4.057040502434528,2.3644808246452285,-1.5768627443662449,-0.5358014641922536,2024,3
-11.147131135617844,-7.557423213867476,3.22494291161253,0.7078144314631024,-6.118643833637574,-1.4407966986084249,-0.12990002043506163,1.0072155601455215,-7.519471859805339,-3.3441688968773793,-2.8099281433618564,-0.5473782191670199,3.817627677314176,2.0451492102806226,1.6856426229293309,2.2709792628725816,-4.419420564030379,-4.0623571467810295,1.7951679645989636,0.7807655265279589,2.1755503052118637,-1.3829941781977455,1.578504593211645,-4.142391542563787,-1.494163140886421,-1.8042603370872334,1.5952819744981923,0.8219672782212651,2.6265244149764038,1.9199445356836273,2024,4
-14.697806860459048,-3.3195197522441178,8.198251291669198,-1.131879321682919,-2.363661087848188,0.5702686169997968,0.8381330957260467,3.056499391783447,-1.4016562149208163,-4.998927969761676,6.549810045167682,-2.1659848835839104,-0.22697885187496675,-2.1660408520304264,2.0131654023359977,1.6287391557867443,2.0129470651917507,-1.2242105487060164,-1.308174798860948,-2.420636825635251,-3.264727292206243,0.7542682455361809,-0.08446708613974577,-2.7510379489887162,-0.498323183808354,-0.1280666886670069,-0.9251680259630832,-3.9773129516971792,-2.0883514539796497,0.5566419141688754,2024,5
-12.863861548755363,-9.819375005293725,3.576120768615743,-0.03796023401421022,-2.2136434768052013,0.7788981146332088,-0.7266197551338247,0.31193825679215165,-0.2541027419508413,-5.125580729234859,0.023997947986795654,1.0549131162519036,-4.671593471300717,5.5367320208398,3.4361009556662454,-3.2608710221553903,-2.6234635145793437,-0.9001662461215968,-1.7227158689417421,-1.7004083052371903,2.507247579481358,0.12088393429591304,-1.2755658405000867,1.7012657826597444,0.39207073351074245,0.8979670637383783,-0.2974477292352095,-0.0680169030274737,-1.7131305915478143,-0.9143442873684772,2024,6
-14.97797876823264,-9.35897096365557,-0.6018944620189642,-8.241697815948049,-4.93816821644792,0.1811587801134839,0.7496134994979646,2.554069905952809,-2.719832950663616,-4.239239724439431,1.2637048765764731,4.067653359467133,-4.551057015826418,-2.2182604987559165,-2.9273522060444144,0.9256719011705292,1.9336360294951895,3.279270884361686,-2.5356789762950465,-0.496728733941056,1.8671442552465989,-0.36193359269591924,2.5929483057061966,-1.96229355789507,-0.9384118453166058,0.581061678243752,-1.9390274607480082,2.506512666013501,0.3221997826158525,-2.328792163365584,2024,7
-19.614862793679208,-8.151307173577655,2.2398445409388295,-4.614237597587246,1.9605397029924245,5.99663473370622,-1.5674304531144307,2.526210650412943,3.0620937574347056,0.9399765980207189,-0.9576356101810729,-0.6927862392868839,-2.4583066858535414,-5.2032088466418855,2.107241295749601,-2.8780694397215223,-1.6796798755861078,0.23928038705605337,3.047370354681865,-0.21477882281479635,2.083340010649495,-1.2301783289930328,-0.9068914602761406,-0.3145966277989067,2.1848550373558626,-0.6946265008370045,-1.0442162844471634,0.13192842512952882,1.3919135109227454,3.6728379247508727,2024,8
-20.78050785072742,-9.674354125536995,6.526080509894145,-0.7788219267929066,2.092649274610246,5.2446865364539175,-0.7041223341085504,2.1385754873551437,1.2267249134145413,1.9185839894938712,2.28813113066802,3.738120161847054,2.2407953737468036,-3.127179658740598,4.55615341589276,5.202477103937562,2.698735432199535,-0.9540355078331361,-2.178279637882947,3.332529468942497,1.2022279597286807,5.197870739958841,0.5087260693061922,3.6701327911400603,-1.5384025130333179,0.8868694822454325,1.642734927808696,1.5240095463794736,1.284437028845187,-0.43916071843247256,2024,9
-19.865091908927717,-6.552461792523064,5.308410928130569,-14.01858284240163,-3.732818515302676,-6.267602121950149,-11.268646703577767,3.634730777526218,2.063352887337737,6.767480465404292,-3.0630893940565653,-3.024467153444355,0.1849735421039198,-0.33711171904262693,-2.13912261907378,-2.558288630142586,-2.3735420339838047,1.2606867996545112,1.3896838789236576,0.34795590541876786,-2.9491089152936043,0.8630795598895196,-0.14449307546815188,-0.03010365823773665,0.20451514270163304,0.9586380382197641,1.7137868084538894,-1.0514229657312921,-0.6930184918440652,-1.6481117970801036,2024,10
-28.600462488195483,-7.601537802007649,-9.959967339929193,-8.391657631660136,17.17505497671009,-12.935884696557904,6.190669850863998,-5.3307081099435045,-3.4500651171233914,0.40501932375068533,0.5216092125186312,-0.16421110127796773,1.3797447828464566,1.5280934857731763,-0.029489007210901395,0.1802639305177097,0.7754479257906475,-0.1979477501599113,-0.43827016002936237,-0.10396406925710697,0.8802215184321968,-0.5217296063978569,-0.07012120687626226,0.17545487456585906,-0.05015528077983613,-0.2675654128052534,-0.10339590331699142,-1.1079821917627912,0.28775996164176765,0.08101857013433761,2024,11
