PC1,PC2,PC3,PC4,PC5,PC6,PC7,PC8,PC9,PC10,PC11,PC12,PC13,PC14,PC15,PC16,PC17,PC18,PC19,PC20,PC21,PC22,PC23,PC24,PC25,PC26,PC27,PC28,PC29,PC30,PC31,PC32,PC33,PC34,PC35,PC36,PC37,PC38,PC39,PC40,PC41,year,month
-1.2971012932933428,8.824219054879542,-0.5115906412192501,-2.240089584879739,3.805254962215511,-3.889592897828337,2.3352431542720997,-0.8398665437145276,0.09728314349872119,3.327263863762209,-1.2234472361966289,-0.8965448180980141,-0.7577302576296879,-0.3545995195420994,1.8570473439633681,-1.9715737388340298,-1.7629486681397748,1.6466493041151402,0.580083255560371,0.37244222138728517,-0.9572838026803033,-0.1744740052359014,-0.3109206360768241,1.609047590676919,0.7686050872815299,1.2561633241197758,0.8451432124139233,-1.483592058201119,-0.7425750992792262,0.49243992787260654,0.9276118465586802,2.678111948756066,-0.6097065738606426,2.8908286194013715,-0.5555127909692115,1.146641559977988,-0.7372757676317255,2.0319015860881118,-0.24196341208195832,-0.025863968604878215,-1.8476304192760904,2018,1
-2.8347134012189246,5.944332197367854,1.2737974965755259,0.7550495305316762,1.1451125903579626,-2.876102676346558,1.6810688618395142,1.9211970507404945,-1.6245239129263713,2.2855250718588374,0.4466275890666437,-3.5237271076629932,0.22238642000651632,-1.8474750031323912,0.43042426532574046,-0.17757764015848324,-1.897450255056497,1.1876289001908746,1.0994794942833581,-1.1369503679865642,-2.4155012481344973,0.3184804134569984,-0.31753589021307516,0.7227568436701677,0.3591417539143783,0.502095305272639,0.4015968555097292,-0.7867357609717435,-1.1699461489120826,1.6464001777543162,0.27638712336502974,0.7487761857229602,0.9438524222398623,2.8352516407626305,0.3266882517729877,1.1887162886283813,1.0023094097141714,-0.6263623945711498,-2.442222782301069,0.5043518263653491,0.9928612432537809,2018,2
-1.1196198598647769,10.163220203604743,0.6196836647631737,2.3020064090505215,1.640284655551375,-2.6692200636962937,2.4080153496515506,0.6990782376744299,-1.481964095840278,4.31383569007878,-0.4989515772833482,-2.8225205682620786,-0.09302986673027537,1.0590832514593687,-0.821755995293582,-0.40929306998673387,0.9111104383731811,-2.0932797309955817,-0.8883818731028966,1.4116223324087092,-1.2538470435735805,-1.972652819335867,-0.12913353969786168,1.6270315394541122,-0.7643672475648305,-0.7018976387032455,0.8345579009842331,-2.26757614165432,1.109231535824526,0.2990626399000159,-0.9413704361986828,3.2643733948535045,0.2945436724172265,0.1911508973691053,1.2326126482747666,0.018908345448080555,-0.07494790342354252,0.24737435419265785,-0.6426925319886169,-0.30564381849551037,1.4237160020098447,2018,3
-2.2525359949515167,7.006924623871105,-0.2913721311370439,-0.006348804594747111,2.9848630339497575,-3.7734091641146534,1.4423259058783833,-0.2701545233067891,-1.4367137405563175,2.6229429927495365,-0.37971820925807886,1.919648024087596,-1.9582881015055515,-0.7981605096353253,-3.4318520186058703,0.48957536173612975,-1.9598323222711882,-0.897971890265254,2.409212847478641,-1.4227812171342653,-3.1815575320787217,1.2103802253205906,0.17880762637088915,-2.131760596656411,3.203581940473686,-0.758000152242426,-0.7914352003594816,-0.7933736451639004,1.5080579710281052,-1.020040532792443,1.2976119574039364,-0.9873064943061404,-1.1517889684944322,-0.7586331423263506,-0.5026486884219179,0.20306359427237994,-0.6609830310182645,1.6768488104442447,0.9634005490278384,-0.3346925802600424,2.959405695788054,2018,4
-2.3825586897452293,7.498296840112145,-1.5111296803847958,1.4832952713605803,0.8718743546653914,-2.2234909158419875,1.2173058067597187,1.0773381219429354,0.23501774169865947,2.044753342708519,-1.370510246797476,-1.5112651240755512,0.2506268405363745,0.8879736604124355,-0.7282757756523865,1.6524500692474946,1.388316504914148,0.2070844935640203,-1.9111129744477107,2.2130733659289783,-1.1256128596227908,1.1762235015027764,-0.7024092678428987,2.196916217426794,0.0771126784936817,1.1591977382530076,-0.7305250520062287,-0.38220168605875543,3.2083050102957893,0.2997685242687309,0.1977211682395008,-3.1721835453660034,-2.8053545632359462,-0.7372993778844666,0.9852328474047355,1.1627396328177955,0.6250977329172845,3.224072050356412,-1.5265802507191553,-0.14349391079965038,-1.8546208213319855,2018,5
0.3723631910925162,11.313153887375,-0.0003699415185329707,1.3156339819596865,1.5196493520011631,-3.8983368560391307,-5.80855196852362,5.038985490602085,-1.4439606998195982,1.9401393772610025,2.488072834623774,-2.779095110625315,-2.501295959349288,2.2361360359338853,1.1690147521782657,-0.45752521276354224,-1.2326057256217358,3.7217392487227006,1.5373602555767973,1.0598439304098566,-0.5938270027151318,0.8658489329123354,-5.489175440911762,-3.5757540006849786,-5.07430765458606,-0.20226924682118053,1.7753392144879316,2.390269055204954,-1.575989845307128,0.2233203147588026,-0.9958184159460403,-2.953160655375697,2.042885484177137,-2.256370917714624,-1.0110473286922486,0.0673395623657134,0.30176439153470974,0.0696501178080224,0.418201894154944,2.8989262032431022,-3.1549876999302082,2018,6
-1.5003765180540365,7.71179514738653,-1.982551112095223,-0.8644734735995779,1.2621387504461183,-1.6016017335756916,-1.6202589791827193,-0.2609778726407462,-0.28963443838971836,-0.38215776100786597,2.396383768227337,-1.5403086765107232,-1.6868297045887723,0.9365937002748607,2.1200565016657817,-0.4188601851557662,-1.0135709400329898,0.5838618693932047,-2.790618653920361,-1.4059916257426035,0.4507405144068016,1.0024385907722293,0.9633941573075859,0.603140619881485,0.8765568915397262,1.7453026835173922,0.1502075148174471,-0.018827607360246666,1.2763984517914968,-0.5509630192435176,-0.5096245033040921,0.7440826170310768,-0.6104816509421415,1.3227363417689213,-1.0717866964497067,1.5820821379578685,2.001753769217976,2.4880307277303966,1.4338712944645682,-1.5533816739907294,-0.44218279125960586,2018,7
-1.0263763958155954,8.733006568315572,-0.04115546714537186,1.1780183794252717,0.7440030865088398,0.7903780649345935,0.5263390549879866,0.8735724488226121,-1.7975265468776311,-0.3274297351123218,0.5978589492653734,-1.422890813160211,0.8759020397856572,0.2263855755043432,1.7756334330982997,0.6707090412366375,0.6953335818742586,-1.2749342106800166,-1.5019457722571161,2.3106745372738775,0.8107368472366246,-2.5680129413377055,0.05660364575747127,0.5754847551409931,-0.3852473972378334,-1.3760411870797187,0.3489557579809757,-2.294904377833548,-0.6771262847196483,-2.6506715950422906,-0.3151044025501141,-0.2250168808531608,-3.582194744387836,-0.21944306639348837,0.6425590846163771,-0.6514693079267041,0.05212180581842543,0.48514368059436164,1.8624912050928475,-1.3851633438011977,-0.689660648795821,2018,8
-0.6102046778559659,7.74443051951294,-0.5425085121294136,2.547762050003254,0.2895688076191496,1.3389645036839635,-3.07211957416621,1.9480433743436922,0.3635475263148989,-0.9858065385868352,0.33218922583372246,-1.8951928175835124,1.57003468628839,-3.4319709114863444,0.14546411927252884,0.36368384050305713,2.745259820751184,2.076775989188389,1.2591559423822238,-0.06775383358117182,0.2692336769854029,-1.4940440930424057,1.3252551010711593,0.34592373218951317,0.2829421118135497,-0.14908112318871933,-2.890919140289664,-3.1209913476917293,-2.5330867182192205,-0.051195060282762966,-1.3759594017021597,-3.089040384682614,2.197648765723895,-0.1523511628974925,-2.251188986862413,0.2663271905049775,-0.6786723885227083,-1.960816263809747,2.2765483905436907,-2.018180236339576,0.6017129828874733,2018,9
-0.21771289994011858,9.257680328830348,-1.4977559657422725,1.5810136554753542,3.9106192815075036,6.261209990142977,-0.8666735668621215,6.995009701272591,4.659856903728917,-1.6785183275842885,1.1514044131889176,-0.5022584871019251,-1.1135351496408445,-0.8681737532635809,-4.008381366909882,4.29902664103295,1.8123910923677473,-3.4991906661907746,-0.6592610410687942,-0.21694231153873392,-1.2756232186991692,3.0804851074230024,-0.40479685602471893,-3.325580751566875,4.78106211173107,-1.0068836073128813,-0.7711053269255774,3.6694624965885643,0.3819044109191714,-0.9423685395578026,-1.5510248115490641,2.5845200441348126,1.447993210633675,3.723842509190931,0.4226884767729973,-1.2234278934473,1.5803176875785985,0.4628070177764105,-2.0419412655345934,-0.21163311186909634,-1.1836341107107877,2018,10
-3.331030279279748,7.942648449411867,-2.00614082689861,-0.8957666675555435,-0.8247270453236409,1.7321259704864616,0.18253056029312067,1.601443107409873,-0.33060766934541463,-1.279120201904626,-0.1345712107032857,-0.030519058516462895,-1.3141072608761688,-1.470799805486018,0.7377048226016956,-0.8724917323812852,0.8594301121635667,0.5429960394055704,-1.9744525494325416,-1.7376360330052354,2.1169670666607936,1.1332215584342378,-0.5944306026364021,0.7450391165829973,-0.6882303501315002,0.8766511722989486,-0.21014600379626408,-0.3776559915067686,0.013395228305437924,-0.060669621179095246,-0.09549941056565635,3.227869665341363,-0.7081379391684544,-2.7502828187265114,0.3471047930020147,-0.9568231228393571,-0.2079516918162582,-0.5305872379582582,-0.10119481386216399,-1.3263388390721231,1.3748998785766195,2018,11
-2.4616390021832317,7.221993119386429,-1.5378053404434635,0.14928106433831476,0.054638306095032355,3.1509283801628176,-0.14741500765215243,1.0635825431372938,-0.9672295932593261,-2.2563065708767285,-0.24503935319050454,1.6784084807609363,0.6329964424792032,-0.5940667461973024,2.285759028628199,-0.8579192121164341,-0.3338143605871015,1.5010815818109966,1.7788854088412174,-0.5252915956956132,3.5735712990802346,-2.7428306132093327,1.2085879379276947,0.7390020055526293,-0.410409616360836,0.04529479266976458,0.05973824903380076,1.1919655313359279,0.6813476214340336,0.6469644916469511,1.2596205073916442,2.2046435772609896,1.050900317297632,0.21701645124122929,0.9584488875322993,1.5398192765550733,-1.5531959395053885,1.4872054331760356,1.6939415448291182,-0.26080963150606484,-0.16452891319129956,2018,12
-9.977123946957168,2.3728567928827418,-2.1073980028038526,2.1582307477492857,0.06939241007364885,3.099137668814013,1.4558112359487778,3.1090835520358633,0.36569214780837983,-1.8811594727656742,1.569867454649022,-1.411599560915598,1.032036177998412,0.024461398219212567,3.2353617751876884,-0.9302768631899555,-2.5961797173133836,3.3604331247236834,-1.3122077564319983,-3.3390873420349383,-0.38091219956931766,0.004871016875464984,-0.2010222307210022,2.17286866823515,-2.491407689918572,1.6214986262508322,3.4028845589658077,-0.5645446310789368,-0.061099923684244176,2.0705682582197835,2.7788604327087,0.7298216463320442,-1.7246840304073168,2.001979277312087,0.22946091389319886,-3.774836673390772,1.2889036039413013,-2.2390983798792736,-2.0732626626147197,1.0966932328265402,2.3046235963886943,2019,1
-3.703448993730749,6.80293740577014,-2.136345287982094,-1.8141742196102761,0.22224802529634746,1.2956363449422035,3.3852711127154453,-1.9687588384026724,0.4438870773811689,-0.3862019215909628,-0.2780792732757447,2.242348422879351,1.0737934645026044,0.06120156917128171,-1.2987306707804522,-0.030998783728978362,2.344122795387014,1.5413533430492927,2.467121347376829,0.5349895961145409,0.15189812302729272,0.21961046006657192,-1.151780114408098,-2.4691278158468357,1.578432861653954,0.8819025614277025,1.3985512788563381,0.7542291545627996,-0.5894135360317403,-0.5560312650263998,-0.3060721367668182,-0.6759639598519763,1.8242421756786937,-0.26240720929477135,0.2520454671907224,-1.6460288800656275,-0.2125491544566735,-0.0674237282403406,-1.1260648724555176,-2.838530233846848,-0.06819558875046762,2019,2
-2.9301050865171,5.275113999002717,-2.5944508474978853,-1.1332282554784263,0.8013678428517703,3.3606178653687295,1.0878937359044158,-0.224241106845014,0.9934717636796244,-1.131733765235437,1.4022060071360256,1.2809841957093555,-0.47913326354511526,-0.022625605141100257,2.3622499600532314,1.3420602077749788,-0.981638033200867,1.7668869303620798,-0.5041880379445507,-2.8705325277588627,-0.9437928472135443,0.691166786328321,0.28333541914615595,0.6858670057253083,-1.2856137036885122,0.2513094958560391,1.082725234237204,-0.9169085572957255,-1.4244885480521785,0.7424766410436974,-2.648154798702458,-1.202188061625523,-2.5207395022039245,0.8078985200751041,-0.8803288885876847,1.2894752072838376,-0.1761774935887581,-0.8062102608992135,-1.1554183067594108,-1.005594737104016,2.3477177656372445,2019,3
-4.124555107724126,7.3258304347689185,-4.181784606857829,-0.9461481880742213,0.40847457256420955,-0.21917486939798103,2.096747214818114,0.2605376517488371,0.24932331069175073,-1.3183624075389975,0.8319296241538621,0.4916410114641252,-0.6620747060794883,-0.11558216140258104,0.6368796198642374,-2.2021393870749066,1.6112081469466133,-0.3156150553823669,1.269558809886429,0.3894472175347119,0.1317525456620926,0.9421642974514464,-0.6786909639181591,0.6713939482890158,2.5372185961315625,-0.8020299233278513,1.2228938624641308,-1.587361514050357,-2.4233345807003404,-2.0237342470985915,-0.39092349657039954,-0.9479682642830718,-0.3832141424506227,0.535276977582356,-0.05349614630692281,0.33207257390351497,-0.8879019979296056,-2.3521576212734163,-0.07279345183756598,-1.0260125549938302,-0.901333198602774,2019,4
-1.8638542922375292,6.079969066660759,-2.8133338834646087,-0.4486177789942591,1.4768116347717786,0.7249795531791782,-0.5296701162252263,-1.5338945115237144,2.1095465879182558,-0.5240827308662808,0.06895513513541804,2.767038735285502,-1.839522147214462,-0.7888617660294198,-1.2462194673980047,0.12449661702201412,2.0612144827871965,1.120458532606301,0.5672573837147662,-0.31879709541623685,0.1964552916162946,0.6450054691639268,-0.3628748019887874,0.19796909641841828,2.311236161182203,-1.36228667150008,1.204202926363874,-0.4269932409492876,-1.6449024010835784,-0.6649591677583506,0.6680969272114597,-2.4024755921838903,-1.293848784460987,0.8973204843247015,2.4869277142930772,-1.6520786348469443,-2.3720076817274616,-2.2817849580243474,-0.2244707127877326,0.07740666031890443,-0.7940871804608223,2019,5
-5.111270671503982,2.496884386231766,-2.1525094444984694,0.26766800679168157,-0.7530398798388336,1.4471948244499373,-0.18968004237960512,-0.45240966465493543,0.3026784004775571,-1.74423697223221,-0.49651859131935716,-0.7272010352205533,-0.2734642649837081,-0.9768103197042304,-0.2742100982879551,-1.4224765422040486,0.4777784349345357,-0.2617921035065469,-0.9501957484528777,0.24159801499660202,1.081714855947095,-0.025499924449564344,0.06712562085788706,1.153467421392657,1.4273113361989278,-0.7804746278253417,0.20904092157896398,-0.9076292929466109,-0.5572816744923714,0.6562228554902322,0.8550551393955962,0.6153560207321962,0.43757944626303324,-0.935289747777609,-1.7432511278727743,-1.0667827795809175,-0.8585238505123469,0.4172534324251771,0.6447020564774172,-0.05647229606224723,-0.9266471546748765,2019,6
-6.665574248390588,4.742608103120759,-2.5691246411643593,1.8350662700590816,-2.0816097395262974,4.496618590084712,-1.7113442242878545,0.8700374834838975,-0.14551285773866812,-3.4161616884971515,0.16123578818299225,1.2616699630163568,1.880070910240714,-2.8013432327758405,-0.8817082166870793,-3.3276946848942077,-0.5994543660931343,-1.216220326105509,2.4812774386360066,1.2258668885174155,1.8082165545576416,-1.854254819050251,-0.13962432877182182,2.4465963152281445,-0.7036258014743735,-1.840645497610405,3.9420173207821456,-0.8650780921981955,0.4274782536435769,-2.2983395338465664,0.3983431586478779,-0.34138022961806863,2.3223607829537856,-1.1629820897850813,-1.7762928753881742,-1.8218886131316474,2.1397546852760065,3.0485528715391927,0.19699226620675725,0.26832188129822676,0.3854717502092092,2019,7
-6.595885024495744,3.8015292976930253,-2.051090894556143,0.6591547339847276,-0.7144139530346586,-0.8900139346750467,-0.3031518579924902,-3.6076629712270263,0.14663286557078722,-0.8944583250913309,0.30516492796529066,-0.8983047449514718,1.152033350416322,1.857039458600863,0.4797287373178804,-0.6462245464259075,-3.1767820212656086,-2.4630789726324367,-5.437726341538213,0.3475860386863645,0.12321808607915073,0.43393822762936696,1.999859096134782,2.302082849623902,0.9663828234785611,-3.946557762016124,-0.033818865736820275,4.362469640369512,-3.546571000769675,-1.1236598167979364,-0.3014946836695919,-0.3068759578764647,1.7188526490138973,-1.93236687534386,-1.167827922174232,-1.5631031043089034,-1.2266858210233504,-1.2312852225131818,0.3569380135171323,0.6679439515780556,1.0251898694831567,2019,8
-3.2850434207403394,5.960308264317408,-3.292099869067684,1.2324410607855172,-2.059600254795594,0.5817321901247298,-3.028104716145717,-0.8026745848240875,0.3181512238249522,-0.8559205979147646,0.5468963462469444,1.7063882029791624,-0.9890082725479752,1.092264580844265,-0.4054900082763207,-0.9968506019983645,-0.2765616393486854,0.7690812616270388,0.1366280634194561,2.7675211326970865,-1.8638421109494483,1.4375815568440227,1.3890694360742928,-0.48164599869400615,-1.0504410109039037,0.7265941789588324,-1.6863314523103985,1.0355932666158956,0.9347549372292394,0.31926622499784363,0.5918408138307918,0.8156208695079833,-2.4391069415149262,-2.019482945147575,-1.7689708937083686,-1.7033011885223142,-1.3974152190234255,0.4053554281312013,-1.4068038447109896,1.1364656610202541,-1.5473073370636663,2019,9
-3.9839592597835924,3.4210275938376533,-2.0349942058728505,1.1469119226976285,0.6860307055065595,-0.8687028715628428,-0.259261094519826,0.19966397035123756,-0.23665730340287777,-0.3509254866760796,-0.06770998931668423,1.4840719665817983,1.4278350457385705,-1.5931073284517328,-2.5696639704569093,-0.11767596573549984,-1.5874309802777198,-1.0987346093353474,-0.5433117343203848,0.03783956747819171,0.44095611383459643,-0.5457320620639908,-0.6356839925019494,-0.001132411443010905,-0.5965664565485392,0.2997865916267742,-2.6717160228948527,1.7340181635764478,1.899586012940779,1.9715696419824587,0.5587754183025049,-0.6354028959375067,0.5716037410179999,-1.662744075211234,-0.4386089994046713,0.9885753641449975,-0.555885728518852,0.37839821540240787,-1.1116612852778438,-0.7141857595738629,1.1227896447174386,2019,10
-4.732970610229733,1.7672953523732622,0.2371117911814274,-1.2909816405978751,1.5490712754244575,-1.7262217182194957,0.9661375304607238,-2.1390086194602844,-1.2988425915856185,0.5658103265355209,-0.7147235744091013,1.4357203205725548,-0.6681108312509456,-0.7427198384773828,-1.5557212933934348,-2.0795045627778075,-0.09241515861208947,-1.2490827821913624,-0.1073241103041708,-0.9876723457038791,-1.850546713599927,-1.023627607750253,0.2669724100177245,0.725760374186889,0.4297954542356278,-0.8764120144012139,0.22560205071533115,1.214462234319414,0.188728954044331,0.05426291836179957,0.33582525533601554,-0.15242177250867792,1.9806218723304725,-0.9557773803459719,-2.714775664891763,-0.1674260178496234,1.5282638569376579,-0.6959752209991646,0.8259659230768461,-0.6708718194850446,2.898543652050277,2019,11
-6.55807589054265,0.2348440772335499,-2.118679520957694,-1.1347921608210954,-0.5924953434904051,-0.15071710020760973,0.881150612643557,-1.1684456770297764,-0.9073120034488829,0.15191580356449078,0.8367734100971019,1.1417881645770853,-0.44810837987865293,-1.7311792716319756,0.028823926396141234,0.06809564727238933,-1.0485344124723088,-0.43175620779604074,0.41278216657589567,-0.7900532191450566,-1.7629120636264124,-0.0902105635235703,0.19868025158883384,-2.0925435913410855,-0.972942907598446,2.3249323758267657,-0.5227177011775427,-0.3732385150264236,-0.8228791006938606,0.9398314118866052,0.08473250378445653,-1.8167397398631007,-0.9195979073644722,1.5950920950563456,-0.9149648698995985,1.9684421844743245,-2.062861512526812,-1.4473704479239553,2.563419157271709,0.958302847886046,0.05295767740844462,2019,12
-6.990377370940585,1.6814523585225367,-2.435279820051764,1.1552618811817787,-0.9844477451626518,-1.3502570138910464,0.3674156127978177,-1.502483448482585,1.9495215859381347,1.7874325409223204,-0.08997498188137244,-0.5954421061664584,-1.2411371438398766,1.1610206591619492,0.06001398605720735,1.8819428714385833,1.2766430477947126,2.2524572652114054,-4.319705634968417,-0.5902579296070065,2.1693563566275453,-3.5542559623401284,-0.9768133679199406,1.0442857122753946,1.334123243145437,1.8215492642196416,-2.6847569496568076,-3.2771029790190846,1.6015164888308624,-1.3409231535622361,0.1582989108238508,1.0132983498330204,1.1229806430749143,-2.9471510666714362,3.042706660041957,1.0388400544539855,-0.17335739379725346,0.21348241288107478,-0.34741817444486756,0.7376731709689474,0.9360988110143664,2020,1
-1.2801414856116404,3.775411915900563,-2.764128076181684,-1.9249859246227983,-0.08983312469504999,-2.9963540373703497,-0.2837938241227537,-3.436435037807993,0.8156129538398331,-0.41177769348758014,0.6282691783689042,0.8078384486551123,0.07331139536825475,0.43655419948097607,-0.1729655653925931,-1.0580551409604995,-0.7495582800805253,-1.4400874263161576,0.19056573226550988,0.7453570606781252,1.466704630891489,1.109567058223079,1.4125803485694997,-2.2876755963133655,-0.03041062388885556,-0.2803019782168742,-0.3463622452484274,-1.4384314743851632,-0.9575729937270395,-1.0081523444386118,0.3054812748412893,1.2568077666106323,-0.44404509040331935,1.1758354078691442,1.053530794481454,2.3251405315535383,-0.08084129847161972,-1.0715442511256625,2.0190257497224846,0.7587449150528156,-1.6671442180115545,2020,2
-1.8758942666043026,4.789820625934641,1.2075836106954616,-1.6585268702901712,1.25208784696393,-2.2031642651669614,3.5606837204110207,-0.13969692164436373,0.19791219056662226,1.789203922360346,-0.06845738278489971,1.8878414093696974,0.07816919815332773,1.525670101641626,-0.9282032926242724,3.044375783993224,0.07485944700572457,0.19912902575546323,-1.6136681802273931,2.666358849240283,2.8058005161895676,-0.8564232578739379,3.4198874020528147,-0.8486223099850682,-4.108941373553501,1.7737029538199054,-0.5337035330900929,2.366855689141451,3.358964317407887,0.29699236113927097,-2.4640961483084687,0.6780436807087799,0.7631525549009689,-0.15463950465357132,-0.9705161589951827,0.7810392032014606,-0.8487995376799947,-0.914114728055758,-0.09452791579997653,-1.8760422028071049,0.9234141992104491,2020,3
-6.115969435353104,1.1232058180633202,-2.070369549943582,-1.1473376528696726,-1.9064433278880537,-2.237595350648614,2.2771589609266405,-2.859376479498732,-1.014254581046309,1.5208740427967073,-1.4270496799850096,0.24032436855650977,-0.3229911831431152,-1.001876201112481,-2.064677064633671,-0.5555772440436566,0.030908344189907372,-1.329386057184831,1.2848291146100679,-0.7201468384260804,1.3216340151943604,2.7221872146991153,-0.5179319582374929,2.058413717858774,-1.6647070222332718,-0.46319935423742437,-2.2201654366489145,1.165920965512838,1.3709177612181471,0.9802795127634311,-1.1408334916948712,0.2802408199626734,2.632506126755714,1.1131399101958028,0.8713876734842643,0.19760168636384715,-1.1756287870492728,-1.9227487196002966,0.03704308509021567,-0.6166280140814467,-1.78512821382693,2020,4
-7.076289572563416,0.5627246133281928,-1.516226615049258,-1.34696630727774,-2.012547420160026,-1.279470778407045,-0.14254099504978715,-1.5063708969163285,-0.5016440081428342,0.9908269651658747,-0.4530443661589943,-0.7846745013313114,-1.3633012746039845,-0.6434554417049144,-1.6723853322977011,-0.5822927735219019,-0.8595627621222952,0.0029094467252502626,0.4438823921710887,-1.2976726352172123,-2.403236700841665,1.7127945464512842,0.8143792007939268,1.0220127648900605,0.4759412275745833,1.8893579285835767,-1.9039880216796345,0.09208023022169848,0.0959511355487563,-0.1412372230791444,2.4502082529211062,-0.27081946683469815,1.8650026980861145,0.4809907011208908,0.34402440170296505,0.9919767131738753,0.01564171930474464,-1.5251782155593667,-0.3408992336288766,1.5864013098234748,-0.48450481466521444,2020,5
-5.414653385533126,2.4406543166185624,0.19020665220940647,-0.015534235385866364,-2.3965131867088605,-1.1486721562339481,3.4173795094745376,-0.9164393304662124,-2.764186079388731,1.0225332731852679,-1.8595703577927944,2.4005080314706015,4.096398822537825,3.5050564561437687,-1.8503583593870336,3.6789382484075754,8.300503429415654,-1.325234284877574,-2.7748511030002896,-0.45212967660294817,0.009585511929818566,-2.7148450985558936,-1.0283202244124248,0.9080126361572832,-2.6406780586582066,-1.2636906945109063,1.9288200352237341,1.033306480648052,-0.07627555796129531,2.5277718082081084,0.21330791457839615,-2.141519720942601,2.3088710132705543,2.7975631327256587,0.4624552744587954,-1.1439451505279485,2.2490490175548206,-1.3053211274615781,2.2065977360989835,1.866701818187401,0.45998534702914645,2020,6
-9.859968540329781,-3.46278645261926,-1.2370304461740946,0.041834916945113,-1.4379789269942032,-0.9465064645286154,1.4937567732053008,-1.212623574803917,1.221549662800774,-0.4717289622294482,-0.6445690945008339,-0.4440261175953615,0.23739407321303596,1.69131262131606,-0.2185405031291724,-0.7291763498607566,-1.894669179342716,0.018670517719544425,0.7754446056680318,-0.792283499670048,-3.42872522056972,-0.014271111447179768,0.670229922944727,0.20764202341844862,0.2425976729613445,-0.8842581790252004,-0.9087335980132561,-0.18338781358093137,0.5192798367658028,1.5317543413042813,0.11384577737022637,1.5446842815987745,-0.36714712743425254,0.49654527746088123,-0.24773680097472786,1.0304889467227798,1.1903907903067055,1.1412495349850957,0.5025894435930921,2.2484560476895603,-0.14640045074124244,2020,7
-8.11107402567282,-2.0838906948432756,-2.4217905151744357,-0.29457828862467383,-1.6875642667528343,0.4807256615155983,0.08447887791767705,-0.41014673923661943,-0.49366547423672674,0.6034718486349172,0.34093694363150034,1.1959662619252014,-0.5045446423981992,-0.6751379966926846,1.8776361241920398,-0.30988806676699276,-1.287853032587784,-0.0029111577119002607,0.4181164877791708,-1.912880039811559,-1.056728660276279,-1.42873753194498,-0.40357082916234843,-1.96058954237523,2.1941308629744873,1.277896674636805,0.17407126900777348,-1.067127553166375,0.3169219913959486,1.2947687656280342,1.162027499805118,0.01648535067207372,-0.04578933286495969,1.7929067701092878,1.0706861011078628,-0.19003891770253872,-1.571745641076228,1.1641445482648842,2.204423262205905,1.871261457653271,-0.019289392559454454,2020,8
-7.563088696326449,-1.4832824920844674,-0.2736752082226483,-2.2410489625883363,-1.3953132162850617,-0.5692180610185968,0.40181730172087576,-0.2643649545313995,-1.743666090047604,-0.5037678975272594,1.3971995141197846,1.358594504255986,-0.8878780154425263,1.757093346453759,1.0744118387810477,-1.225187763979979,-0.15078215192773065,-1.3942763107115792,0.5320164707278,1.0858868866877704,-0.06126088930278295,-0.9565304950839416,-1.119971678856224,-1.88957393386464,0.06888502168593691,0.7803020646560157,0.4066509312484402,2.4720060146324045,1.4510300459013539,0.6948490778006899,0.9776322537234952,1.4257066545785753,-1.174148910999802,-0.9980651797529291,-3.6521485119029946,0.7609641963845757,-1.138368626969216,-0.3961597675133691,-0.47947676542514966,2.0093789344416066,0.6245529970442326,2020,9
-5.48950308994293,-2.316414714754751,-3.876920745755124,-0.0902783992653389,-3.055058491746511,0.8363821135147051,-1.9314614072436125,0.29634368113399967,-0.621579843638085,-2.006577830232277,-0.8402982831457648,1.666322759805039,1.992153467302442,-0.9776781477827633,-0.5866209371727364,-5.772859661079918,0.4942645072928209,-2.366912851555925,-0.7818809954574526,-1.5478630539038627,-0.3542478751334019,0.7464669874082414,2.838472415309846,0.044529764782717994,0.1839315643662305,-0.6724727740543053,-1.8732938259434075,2.0016750720729695,1.9756025421889312,-0.7897788915714923,-0.27025388492462865,-2.9702065145651786,-0.19218226455514578,0.23458301521026484,2.571318339738365,0.9646373281345806,-2.5595673516428485,-0.7293365785342817,-2.0376104276683744,1.8532787157000463,0.8809897323499493,2020,10
-7.025858135421294,-1.3460449927220972,-2.8788670908964407,0.258849784074782,-1.8459691344389624,2.6104174555098294,1.2466646096931961,-2.030126160215447,-1.8177983641674373,-1.708599101892198,1.4102585899330873,-1.3528666983874997,1.672334145032217,-0.7342965940399004,-1.561545576559542,-1.381129756171956,-4.4686625453207105,1.1037682647926683,2.671849850719062,1.9116886463504352,1.6500532553033618,-2.578539595948223,-0.9542804848153723,-1.1187167697822216,0.7529308109972661,1.3712190666329793,-0.4332479456504977,1.958607334854965,0.5475595592951695,-0.07277893302177038,-1.0172045098855396,-0.5950673294199211,1.076955287320606,-1.7731778453818003,3.8008752158550396,0.32755622869535655,1.1320471921619968,0.792041030569023,3.921809074878255,0.6257248279353848,-0.7496130670020444,2020,11
-4.464048005922844,-2.3777558373432477,0.1791915199686861,-1.5793958283394331,0.21929801744262362,3.730673613202511,2.303860528315132,0.17744037883798694,-1.2574184513520568,-3.6780192380324066,-0.3423282998907224,2.83635619155971,-1.8773526134959775,-0.06390866219834403,1.4243384880428036,-1.1015425268508408,4.419205591877096,1.6142516073854138,4.144113745771511,0.7994351429354957,-0.4857395633996937,0.7550663949737373,0.6757930202242449,1.1598912032964748,-1.2928945511329297,0.060849115934540086,-0.3924940085818227,0.709998834113356,0.8769797994880726,2.9804599472716284,-2.0076303901516503,3.2673729396118203,-0.05527569710754806,-2.1480175739735397,-2.5098449220044268,0.33264469535880414,0.4325724053644259,-1.114021741343875,-1.0875067822395286,1.4452549334629161,-1.6488313941556691,2020,12
-7.682107119530235,-3.097669373115239,3.4860129957788515,-2.6365840535033773,2.656396225498284,0.8161234590237807,4.566794217401456,-0.011670504598013944,0.13576980958283533,0.03516436799474817,-2.8786928927143296,1.7385997434882379,0.7561458257951903,1.7543619857631896,0.05001434660403024,0.5551184148889877,-2.5576033548725827,0.1041479092309801,1.3673301939564675,7.450639310752906,-0.9418367970033257,-1.152769035285133,2.2524721397344982,-1.9801163750101274,0.41115371252025157,3.9482483189273996,-1.2280119746718974,1.0516046193923838,-2.2329852897978837,-4.528434329948803,-0.22548832863863535,-0.9548316937046104,-1.028369244390432,1.0947013887219703,-0.3860421538039722,-1.5359860506202274,2.6076944477778374,-0.3298923494184794,-0.6882634094293485,-0.18817031586671346,-1.4037381284631318,2021,1
-10.248772900268262,-7.399648829815078,0.853938193193085,0.5322691856596392,1.9495071091985527,-0.9745799310034811,5.215964438790039,-1.689103736787708,0.3585415057473313,0.2684214896151383,0.4503037053135908,-0.4983872889910387,0.546886339293743,-0.38743886707767455,1.0582798253682972,0.21760713680044147,4.008757201811146,2.1362058751239554,-2.6361612076366465,0.9610050532931119,0.40110633943357754,-2.2130183295182784,-2.19409150349754,-0.11672505212098488,3.2927841545501066,-2.039174686116863,-0.005527143148996418,-3.6716123829726315,0.8254084888606318,-0.3002818959430954,-1.4976768075485494,-1.99186615676722,-0.2743279236391448,-2.1131530630617763,-1.1901252584154327,-0.5587561686324914,1.6390651094610456,1.5885172943338135,-2.327600029582251,3.572998961690284,-1.2618971073708314,2021,2
-10.671013430075822,-8.412424117382198,3.4450727040699163,0.6067797403171367,0.0052092456128943615,3.4586896022000477,0.7802619736513179,2.3717517354936817,-0.21301786609211254,-1.7737096743549225,0.4818981076341632,-1.527241712721202,-0.2894339452967746,-1.9968734271056925,-1.699950397087084,2.026941090637516,-2.45664593266938,2.0999266230283884,1.4449040151317012,-4.184674322995001,1.3182020530976195,-1.4339715294306343,-1.7720552109956678,1.2771646074311387,-2.120797308525789,1.0716509340413392,-1.2545308230809402,0.25797997415560003,-0.19414163604385,-1.125089261924469,-1.1702545106282431,0.34071165501078376,-0.355719259309682,0.9874235481779934,0.18190857614491146,-0.6980642638069616,0.13990255332752977,2.4714593248456564,2.073880056678198,-1.5562739191863273,-1.7898684316319067,2021,3
-10.368787678120992,-8.33849151857336,-0.46622845112155514,0.9566119815967066,1.3781817223961366,1.3650205729548663,1.5678650073324614,-0.7329444962205028,-0.49623984514548924,-2.76675455820443,-0.1382429538360013,-0.2527008665153667,-0.8367445632930398,-2.181885555342923,-1.5730225551639145,1.9496413520352645,-0.9502573645276838,0.829398806764984,-1.446377908614119,-1.9285866775865488,-1.5972623995514137,1.2261780388886154,0.3594447174689785,-1.4721959410857812,1.6957810683557897,-1.3010711639756025,0.4703761160649344,0.14263082007193312,-1.224908687707694,-0.2687744648596615,1.2021430209240138,0.04466458667217624,0.5913243904589844,-1.965896567785343,0.7704196525538749,2.202435494192733,4.440834973056207,-1.3591406713321377,0.24109810072236523,0.2524826774248618,0.956317385014659,2021,4
-5.626581109464847,-4.132827604421328,1.5368987190719525,-0.4837337938888908,0.8473470422132103,-0.11996720758039388,-0.04435211714493795,0.7241090091769793,0.6254012048675059,-1.4136397181082383,-0.7913456846923999,-1.537499630275266,-0.8114330404897224,0.6853972804118715,-0.18980348633896837,1.5404293620356513,1.5121957332282177,1.8491805394901282,-0.49993263210270084,0.4711172131740086,0.8810278936448479,1.6247062036995503,-0.5891159780616794,-4.9354401179798195,-0.6137418731098202,-1.5593850659832744,-1.5029097654592734,-0.24380621084723683,-0.11472624614984707,-2.3587471523205434,-0.0007203360399229594,0.7708263533255975,-1.896145087336383,-2.397359450476343,-2.438452401806431,-1.674134144686903,-0.2159883533208856,-0.26985315136516447,0.9543820058327618,-0.12037067015868762,2.299652425592352,2021,5
-5.767625533563241,-3.3870438466619768,3.6790825067353246,0.039482151549014514,3.2194055653904003,2.450459744561018,0.25944223845853154,2.4086336760823928,1.848906218434331,-4.294641544149671,0.8573705568764831,1.6458210869893115,0.11581706923050741,2.7531411210463994,-2.0271244218151296,2.9059159520041464,2.0233683512657743,1.2027058031867839,1.6686800335847574,0.32959998357961373,-1.5881333755650024,0.8764185713363746,0.7889868028237336,0.2773013077403541,-3.375459625479688,1.3170236396294188,0.5978135227420897,-0.7352419004265914,0.9830227663638998,-1.734945185302366,4.575525264911789,-1.9908876230067416,-1.5090246097728321,-0.24723459758609587,1.890788239737154,3.814362716218771,-1.1702819548268737,-0.2887394108962613,0.2048849941362174,-2.5139833081422918,1.9297907905583516,2021,6
-6.779614856988911,-5.307443313803205,1.5415184033360534,0.32029850967800294,-0.532370184021747,0.7022334420740647,0.49295363103727585,-1.351367860233697,-1.2815516458477272,1.373760944239522,-0.21389685539046063,-1.5212977488910382,1.3351781054007048,2.8747407066085593,1.113769273326881,2.5937425735916877,-1.5552242151375884,3.379361873451638,-1.2713267780735478,0.3158933212902658,0.8402687996184254,-1.628529994857893,3.3523082700972724,-2.059599492634532,-0.7520963519985112,-1.2955946655375585,2.6423558106055713,1.6258565184729001,-0.6831554559947934,-0.3269292243889571,2.279631310985819,2.8511829796205683,0.9937200162709451,-1.3214449948662736,-0.23978292835148796,1.7294556355869593,-2.1503491476017045,-1.524525822349669,-1.981868319758635,-2.6548677196187453,-1.345920178249462,2021,7
-8.476696515885921,-8.545419584539633,1.7053194614230984,0.08512948488856895,0.8724059951827016,0.4288982152105212,1.3663029432646439,0.13246941890731198,0.699836953176444,-0.3204413985044502,0.3143948614145274,-1.9284946185363498,-1.470019205239034,-1.8320975623405031,-0.3320090945672675,0.8313131628774821,0.3876172081620641,2.50883653047609,-1.1523248040792844,-0.40265413057724114,-2.352045070659324,1.3087479164340077,-1.9435797603399048,-1.1769055172529068,-0.985720125243126,0.07221944241801384,-0.6028407415707905,0.44275738799794306,0.17496964514125704,2.7638196502739247,0.7243812447939414,-1.8863092276871078,1.564233522094619,1.7095084145002204,0.5635321735265617,0.633800489794283,0.049935090327580346,-1.5013262806170005,-0.25736113595750776,0.14040652126746417,-2.081024709921576,2021,8
-9.322081014993557,-5.343094981967715,2.6525700466603137,0.717671950691193,-5.021129366805243,-1.7766473158514287,-4.452614403742781,4.102382528868786,-4.2164994231499735,-1.0095794383878713,1.1702661023888525,-0.5721484818560121,1.3596624700805962,-0.8912739029733665,8.821017437375682,1.9724838834842342,2.8936489626947055,-1.0491902694001463,0.783362269081974,6.591271464493228,-2.335356089237583,4.2751471173385225,-1.2725775515366557,2.624904787105208,1.5600363378934323,-0.40627342130973954,-1.6427264239870032,0.7505611618538054,1.0225363739658335,0.12646714137108253,0.5376494685681612,0.02838309972775782,2.4152413469360225,0.7901203188026884,2.2637126331105724,-1.086003529786464,-1.427427051030429,1.1906125443239794,1.1013300039199299,-1.7190060840793049,2.188738801530121,2021,9
-7.72491076255176,-7.08438301019533,2.09114440404536,-0.42594339375501006,-0.5985134022060202,-2.7163185451458425,-0.7206552692522171,0.6242052512957189,-2.684374396370479,-0.8931121502165397,1.708265029942584,0.3055106159470641,-1.651904829136445,2.388772514144083,1.0961590118311675,0.4407903165704809,-1.5770148471077696,0.23750366270190157,1.397568800924031,0.9158856583809966,-3.0103271521707096,0.5536520148525197,-0.9329753372433381,-0.20307793548544015,1.827831087586522,-3.672228304431741,3.161809504400751,0.9375897708395561,-1.668574260497449,-1.0055052944870209,-3.1401027372766803,0.8696666664894974,-1.3602983625303553,-1.6219522424963262,1.9967548569691915,2.6754074309939724,-0.17903399838040873,1.3411740849763625,-1.6116838244481086,0.76106521304799,2.8408758186029033,2021,10
-8.352272358755696,-4.426877772976287,0.6315461203268953,1.9796674072377076,-1.4951504219452443,1.6846849084232751,-1.5199189339792851,2.2632180920453506,0.3367114040566862,1.9862647965363551,-3.4456065066926755,-2.0531959855586916,0.8448955271731009,-0.09047867230483969,1.1927043064920797,3.845192069479626,0.9451288360228405,-1.1848652990891755,0.5420061769199667,-3.0667401076262446,0.5026244509906052,1.3686149930187617,-0.7907534290909777,-1.3688092708483781,1.2065431897915517,-1.737733060297239,-2.429204509737213,-1.8571881175930112,-0.9436207711701046,0.5961735904261569,-0.6674261673034325,0.8880979221080075,-1.7325605474408363,-1.2450007037641784,0.16202711127758976,-0.3498964564235179,-1.6127280978523746,0.462279745736679,3.2153504252208225,-0.05308055015990826,-0.834044350939557,2021,11
3.186202053761473,0.05684447010177173,9.104969867278554,2.4691244946831308,7.0242598425836595,13.259843541968264,-0.4838767585889187,-4.027441373679787,-4.89364403636719,10.544300533425126,5.100064821878423,0.9772355693142549,-0.06746608679710153,3.823562281240599,0.6939876050355647,-3.4111785211051746,0.1458262123838527,-1.325337771092062,-0.5362825767072635,-0.5102809132582493,0.03172801126996342,3.5636993533547674,1.0880625541074056,0.5322776502355655,-0.3940236819381086,-0.19630036934379233,-1.37426379429045,-0.9400691067057322,-0.17706399005220455,0.0048814118219596535,0.6550120128548472,-0.8465294199972085,1.259645346425836,-0.5552494039739471,0.17708166449562338,0.020345433739268306,0.9200046070081489,0.43614572171839366,0.9608652172206428,0.7225066753268801,0.16998884611695833,2021,12
-3.5133287395602393,-1.9289875735258366,2.5259273301342,2.037285266240001,-0.09434481441077222,-1.1321597085675292,-0.5083681548367408,1.3019661817041088,-0.7559054010045362,3.644364615233662,-4.009701112410324,-2.94634878518549,1.497714664358857,-3.608746669139211,1.428664458508058,0.15126781101618816,-0.5014023052392632,-0.15285547467306165,1.2833910677448905,-1.7622658127828883,2.59382963487811,1.251936055964726,3.6759859923741103,-0.8031211406008949,-0.7642698767043746,0.707743722611106,-4.15118815439574,-0.5495583700503218,0.5841057382638117,-0.16253969171897428,1.7869069522745358,-1.7249618546301777,-1.8680360624854897,-0.834367538367075,-1.430577651180826,-3.2151246624391185,-1.133525871571422,0.5428116133558843,-2.395455693278651,1.0070751297305622,0.7281659391716303,2022,1
-5.421478944579146,-4.832430843966638,1.578506927965339,0.16198543838663254,-1.8704302957848618,-4.645436254514455,-1.0159711965474014,-0.0926843480177386,-3.1304273970630554,1.3652776475475543,0.6826534664574958,-3.2256014897189624,-1.2046816845298949,1.4708605400775887,-2.9636879404679686,0.8638842766502267,-0.4517625198785331,0.93770309001317,4.30082881987124,-3.115776506292999,1.9226159819425248,1.2870266004005517,1.008410146217682,5.406520714522932,1.0464338306758887,0.5119135925961744,0.4461770784185453,3.2940371063234264,3.165227482240725,-2.8941578747011403,-2.5643310409452265,-1.6607199910627326,0.630785135008777,0.8648883797576616,-0.690719310808102,-1.4632001545672924,2.1855016745677665,-0.42512323490074094,-0.15357756974139908,-1.5741798561869242,-0.0338244172536598,2022,2
1.319682095504395,-1.5593233186529596,2.985353043653897,0.23247849333786652,1.1355579369276272,-1.1883682886739628,-1.3706151596705445,1.283048354944541,-1.2920591211901142,-0.20348390333665894,-0.32527733185990937,-2.5140077082398746,0.6484021460244388,-0.346059314623928,0.9360594734118708,-1.3755033509803503,-1.9918312834290541,-1.1438880523804118,-0.1067602357723504,1.9611505928032118,1.4289948579626286,-1.3331926594864083,3.598044242382511,-3.211895833051113,1.7364452086320932,-4.026777430710378,-0.647358100086882,-1.5850398285585685,0.8847325812397041,3.9720814669948727,-1.2181518808587806,-1.1263509134853387,-0.4823203355051855,0.30598072962222417,0.4145929026708198,0.3567872256272782,0.5519126134520722,-3.9282517705947715,-0.4594519414265211,-1.9145485635602535,-3.314969909600768,2022,3
-4.908401590298866,-5.906372888498756,1.197265104634951,-0.9376627438028403,-1.9994668858156348,-3.876587648278646,1.0653637698083311,-1.7715168463066917,-3.4405424490859717,1.8185384178024473,-1.2553662763162483,0.7233679878298191,3.314356785995044,2.598186956537256,-0.020248258778120587,1.1056211578549646,-1.2866948735397612,0.4092287195219479,0.5215484433544249,-2.798483225214122,4.848568100507085,2.2030156367278892,-0.23578036923609835,-1.2107209078550534,0.4980077209424278,-2.68812013670819,2.1120515927544057,-0.0001357918360280148,-2.4666521307024136,-0.7839309748628497,-0.7680446202330805,0.46579160996098473,-1.573862366291124,3.5633595462375007,-0.1761120945314226,-1.8735239205353356,-0.7677917463888937,2.05568408113634,-0.2764522186993194,-1.2119252445455913,-0.9768869176003946,2022,4
-1.231671962003203,-0.9314522401030864,1.0587725763471305,-0.01727176671464793,0.11001853774907147,0.19593716488126736,-4.675256138151111,-0.0781131127819053,1.9715448554115855,1.71931750232544,-0.8388786695409234,5.980341829585068,-0.24604137474000629,-0.3522368224392289,0.5753287799032534,1.447615947394832,0.38533889550105604,0.38627305432201364,-0.14013833198864484,-0.14132473977667567,3.2146276825920768,0.32432843871727607,-0.4996867961756716,1.0474693803264143,-1.5742360498650396,0.5213858607520522,0.4185407984147016,1.3591803253757997,1.367828038798465,-0.8742466507627357,-1.007661887498466,-1.5794555494478828,-5.008636538477697,2.184709313969979,0.2862238431302507,-0.40884748592268244,0.6665781533523324,-1.261508530905275,-0.9129957283432946,2.5339056588195317,0.8751323842711416,2022,5
-5.289179474224989,-6.2697826937562775,-2.2601071089542906,1.6837579914098588,-3.37545990564851,-0.7539933150815534,-6.969510021228172,-0.6670616932463045,-1.2319386852278076,1.9936528925514811,2.5394458427054505,-0.10011571876344512,1.010035688505497,0.1085087383953482,-2.564066183213996,-2.3536248020889534,2.600029200666681,-3.041710650814192,1.9537113028772723,1.6960256709572143,6.716970142202726,0.5233747482644868,-3.292717303555492,-1.0924874573881462,1.7201108054443965,3.2496755807676587,1.2491623952938533,-2.758571018078684,-1.9918976183689296,0.6569215704229077,0.6200774650085611,0.44101242785235467,-0.23633396476967183,1.001362216115185,-1.5071760969272845,4.840381906200429,1.756600308016171,-0.9102817059863559,-3.284395307359292,-1.2959164759565427,1.1246709202396612,2022,6
-3.5546213329996266,-7.161162823688463,0.843715015123064,-0.27541138456010045,-2.575066224272491,3.05671371867486,-4.52728626949363,-0.2506744420158157,1.2095505357089673,-0.7587714881149231,3.6353537752509344,-1.0516611819203106,-2.6589988576280343,-0.271644028419437,-2.759624984182871,0.968099342836508,-0.8524774324436338,-2.005909411120962,-4.571862899828166,0.5923562870411373,-1.9228362954751432,-0.4218680233448322,0.9848840286734787,0.03694845654040845,-0.6382257517388337,0.08203903946299707,3.8956946440437172,-2.7827376474651015,5.544385839542564,-0.8209072397873214,-4.3375713121166815,1.8230608873759704,0.15620278172243088,1.8208632406675367,-0.5358212704690872,-0.4479647564253754,-3.607934923426263,-0.5670383965735798,0.7797695044863119,0.44932292694129683,-1.479708015988623,2022,7
2.078233143682423,-3.324253848017855,2.8940558679122432,-0.71484902738042,4.694411156038696,-4.356494123530033,-1.5838924092844178,0.24289193967840825,8.91383250545513,3.0851983567487773,-1.0553034154652543,0.821031337971931,7.69976543924325,-0.7261831325666754,2.458972526858068,-4.929783936108675,2.2345491105788335,0.8454553003047833,0.38534779504163397,-2.0443824191325706,-0.7985548805819411,3.2123014149483677,-2.2798218573921787,-0.7302961168547955,0.6635032665135472,-0.6616703334779656,3.0564846154184018,1.3247687200653118,4.326534407524821,-2.080031399649899,2.4625878057341177,2.4881371806188652,-0.45475764060839585,-2.367326454265986,1.134604746806427,-0.3478546205016117,1.4354967771387543,-2.1158034291009753,2.4193351990164063,-0.991537310852122,-1.6372785879615757,2022,8
-0.3174556508581306,-3.7557923566541622,4.097777463305304,2.7065703785781228,1.0393720495746093,-1.8964880503534738,-2.263708336866319,3.041451892722612,1.7054975745004257,2.8473657468447695,-2.5251345811057426,-1.8247575971173944,-2.510567285141304,-3.670322181339559,-2.7070517302397894,-2.49695630528126,-0.034024288853863535,-1.9241210674817653,-3.367705605689679,0.9762557232262796,-1.2923570905492396,-1.366133336361746,-0.652974378851454,0.25795490202430826,-3.532545305365951,-0.4262907291278213,0.8157971391495414,0.4401362567622251,-3.490606001198767,1.1794501089955336,0.3752851777903844,0.5514470376254108,0.5493556273815952,-1.2613196825236286,1.9878958300212313,-0.9020445399821854,0.09032702605537304,-0.5914615730070208,-1.3278387714976885,-2.4280867239267234,1.5579462407619777,2022,9
-2.4267356711800923,-3.7303733021838092,-0.31631032469337206,1.1241028858488813,-2.4600920622766314,1.2184725298687542,-2.250490710155409,-1.4778697856956287,-0.3239123518966213,-0.15169329329228903,-1.1595100244045027,0.849601672289082,0.6021732102822633,-1.14590846216263,-3.460116059940101,-0.9422838729451847,0.290706973095919,-0.8618302674008667,-1.3604193623102714,0.9561171318051848,-1.2705117513682647,-1.7578724959563863,-0.8934119997202647,-0.762775681514818,-0.8791025125816865,3.514744481606909,-1.1010091279688916,0.6871681627138517,-1.2128042279454947,1.3185709163298063,0.9387899426701732,2.313734779400939,0.4765114130950668,-0.8449569294255659,4.309309096319643,-2.0251485595613232,1.4732840887160923,1.9361016397409687,-1.8803400806300914,-0.6804671122765741,-1.5851052295713994,2022,10
1.7978560740734666,-0.027852425130486837,0.3276441347045704,-0.16401970326301335,-0.6173656197822976,-0.3088627233734363,-2.8810366712931827,-1.1884123475893715,1.9556005893909445,-0.9020151113872005,-2.4031312615586953,-0.15293095072472732,1.2558193408076976,2.9331957085308327,-1.3354925794762933,-0.08295223024097574,-0.5684436339531523,0.23743078947644303,-1.9405493611791962,0.3554342873867596,0.3795313860131867,0.2175088785067181,2.3398116193579424,-2.4036015659751846,-1.3004411373047808,-0.35881738304230076,2.5588019571721565,-0.026407690041582988,-2.7303285421358483,2.4819532562539686,1.0218309783215183,-0.632529492885147,0.14812875300109285,0.7345835405729669,-0.6900001500132885,-0.11072890920660862,0.27944708098772003,2.9274161324147316,0.7577536044280753,-0.637130183635297,0.32409621247988396,2022,11
7.772752491478181,0.47084571298534533,1.1458309008239067,-4.319537204904474,-0.5933636819570846,-2.0053428997722342,-2.4076647449267656,-2.3569784354213996,3.978448714782556,-1.1074842803605203,-1.4333866524222343,2.4391902973963577,-1.2483409414321232,1.7015683618853106,-0.68363231384911,-1.887868774007529,4.333451344253239,0.30023621445017046,1.4492259121645261,-1.954105523358603,-2.4820370440308928,2.2916235950035677,3.0718617008890536,-0.0019734353966824837,-2.4005118846629134,-1.5831869443418596,-1.6521821081431607,-0.24301446260976484,-2.2309837625819755,2.935329044116947,-1.9969181402157323,0.3694332321605028,0.12437585322078783,0.0414763868677256,0.2543001492025714,1.007956059439873,0.6436264176145013,4.9811362713775384,1.1853497069347447,-1.159586654464987,0.5933197722739212,2022,12
-0.2482063214451179,-4.85744462119258,-1.7844583877421591,0.6979871987734313,-0.5972302389124892,0.8983642461102452,-1.65600555207533,-0.32220647415908527,2.1354034988078614,-2.745127288173368,-0.613512949469847,-1.3118629220697522,0.11418736942041893,0.9847930390111783,-0.6428694400879681,-1.5371495025383435,-0.5826793468707115,-1.8731599175927804,0.04625480559232934,1.4048838288931378,0.24196852749189174,0.46173071914517677,2.5354441715261644,0.5751477668149457,-0.5149563349765519,-1.1157963171176606,0.6859606823782592,-1.3565813891812273,-0.14802997924803302,1.8979738257616101,2.302623597707043,-1.883534076005976,-0.894223532729401,0.6302987446081391,-0.3394997149383342,-1.623322729973678,0.6435858162019591,3.076438746623642,-1.5092082456503646,0.2703698447707834,-2.1095500102862963,2023,1
5.032908063740803,0.5114679353010201,2.770992894675257,1.0774584493801285,1.8928320706556336,-1.0220967785519295,-4.8691393390374245,4.614197465252254,-1.545665281051932,0.26378458503690416,-3.6805144158132737,8.149484284053885,0.9823906893266956,3.8520827295202746,-0.3956100604838458,3.3279117060651315,-4.683361118550097,-4.376337684329084,0.9611983172827885,-3.1706456079170917,-2.4122529520924596,-4.517748776538467,-2.850768794033121,2.3782767882467803,0.1616828282525108,-2.0917007913604793,-1.2835731853366636,-2.5133688639724605,0.48457999222567866,-1.2275838746132732,1.70250449942692,-0.5316193912688632,1.853145186519877,-1.5455658860245356,-1.838825064985657,0.393459560489219,-0.24544010550100587,-0.7653740309133202,-1.117204181661616,-0.5896530871027957,-2.2427699337738054,2023,2
5.192413691800438,-3.283534548796826,4.053148890315759,-2.32755309300385,3.758434244482265,-2.1380209273124735,-1.5291066029913507,5.098772084556021,3.4009334673229374,1.4755979648127273,0.38730190309657125,1.3902796127330646,-3.3794321871448383,-1.95508228400068,3.7574303894425083,1.8895335073505715,1.15007935488869,-0.8767314864291429,2.69199574378468,0.4890033535869763,1.9271520481604663,-3.298001159051726,7.310894008757875,2.3663436024669315,1.7068510612550405,0.7829232141382384,1.8268631526123458,0.2540413698363986,-1.356363513511411,-0.177792610172965,1.4247584586247581,0.9959310889937353,2.4054620329379266,0.723530133272266,1.0550604359920084,1.0002308764908283,0.8325872399666665,-0.5278678335584391,0.8395523401569519,3.871987497060075,-0.013932104221421078,2023,3
5.265075038144633,-6.326568633849268,3.804450546029075,-1.8081301220066102,1.4068746692182825,-2.741202583132995,-3.801432621609049,0.5678011458966526,-0.3321408147924634,-0.063934024597788,0.7377445132185902,-1.7209201929443139,-3.743168601818199,1.9207181737514127,-4.576823400472091,-5.113861267178957,2.7736466927378083,1.2616431058190383,0.711122553224139,0.7662810008256989,-2.601528523660096,-3.9313706559594928,0.20320935038534152,0.4461599538005086,0.17978619214662198,1.9516858403883444,-0.17821031953255267,-0.2650016243138787,-1.5819598122402794,-2.044396901041481,-1.464517161194051,0.5475088405176542,-2.361319943044239,1.4336205534951614,0.41595559400616217,-3.460500283521407,-0.5492640558193562,-2.0782678356171016,2.634547826238192,0.2785587203688531,1.4588231680413468,2023,4
1.7274465462892687,-6.063523147243849,3.6308276701065165,-4.901590103417399,2.765485384973512,-1.99221438139982,2.708348062378624,0.6331274809029356,0.48437185772385927,-0.7229324623887591,0.9386809574054581,-1.496291774167842,-0.7257181359952513,-5.792507461385452,-0.46462054294268107,0.6522615606861241,-0.06735992031009157,-4.407661007163243,-0.6035747172560658,1.020794590463047,1.1212793667085008,0.05057751898353458,-1.2569590725576583,-0.4021999231869877,-0.7098646726836355,1.4448991681464571,0.5613413331121417,-0.669561672197681,1.0169385603436691,1.934511228367759,0.10814375925587534,0.8083137972839991,0.025410593009076148,-0.6002348970992855,-4.928331802736258,-0.06859610370334299,0.7185342188562865,0.6831111789251277,1.421133124519277,-0.40362227133090084,0.6394848182696669,2023,5
2.401868781091163,-4.851612713384816,4.532196936200989,-6.409010256542317,4.920026144089888,-1.0809611228842972,6.356009885524691,-0.009356844868080832,2.25560211471041,-1.1622008349929467,4.312349524765516,1.4454388709914545,-0.19612152097076468,-3.8337409716716535,2.5998923323966108,-0.8032612552709594,0.36539872176386085,-4.74031939103283,-1.273512118580784,-1.5864937189605834,1.6170200508337498,-0.060608640385840955,-3.6994962183898052,1.4983017492327377,-2.446091574394796,0.46022984395604294,-0.3381641666879051,1.6268818379123007,-3.569846483250137,-2.2748869029436594,-1.1975914089696384,-1.2618651751718852,0.5442240282503771,-0.5556403383228321,1.6413313806955891,0.42497795090207907,-4.146339626217621,1.6244535068998758,-1.8052322572219301,0.2447933863075531,-1.4841945605515157,2023,6
9.005828509959539,0.022506116441870214,3.035677023708016,-1.9847726860518642,1.4396569005596243,1.0175964473792798,-0.9558725160813738,-2.154536074440909,1.0877221665714434,-1.2447016241671798,-0.9224701726961247,1.2671180554400008,-5.260837186855202,1.4439625765393906,5.602118811183187,-2.6237279221958767,0.2929868103841501,1.9760053567986287,0.25643522509633876,-2.2526484231195423,1.174435727876911,-4.477230139076499,-1.7003139934120657,-0.44701209881466997,2.2589180831913334,-1.7021310167830137,-2.978495234240506,2.796734164115342,1.7750880034006364,2.69874553899591,-2.682674715500895,-1.0091688973227977,-1.5580485783239109,-0.1700653324967443,1.5818498089500987,0.006996504718097395,2.641404676219358,-0.4687565883684144,-1.5856068810736386,-3.3646682059372823,-0.3432154634119702,2023,7
10.302922554735312,-0.9311840797498503,5.4337905051121576,3.2702250309135317,1.819750173088806,2.7052797551053396,-2.211177617956689,-4.193387354040074,1.5706545175974256,0.376693908559651,-4.203867273257276,1.4994099978825022,3.153211434958119,-3.5903745884014318,-2.2431609939106947,1.617608861299091,-2.2372629256160512,4.537158741915797,-1.418975448089712,4.913865613683327,-0.6359772306665366,-0.6750815206266453,-4.436766613588047,4.918401115738449,3.6548982191326216,-0.17001423077969754,0.1199526344299829,3.1340149857421444,-1.1593062902453701,3.1931169891977196,0.2929836771856723,0.7462421299435893,-2.162354609640381,1.933436668205578,-2.0285494457226556,1.450351990583844,-2.113722021263283,-0.2567923577948955,1.3779568163580143,0.20172148150479544,0.7358380193634797,2023,8
13.089694780229296,1.2780162548149863,2.3466235758180405,-2.8668871271483356,1.2853520454074057,-0.7726188970106471,-0.9613892576727185,-3.64188367302688,1.12156230168646,-1.9018267040235328,-3.1757079401363058,1.5366335984711297,-5.216220096697307,-0.9215765427480369,-2.473969711904958,3.508159163993607,-2.640460203401429,3.5186712957993556,0.16456807890500127,1.4702652760360664,3.334194923229812,6.445195292342352,0.9098839896661343,2.7565739893686385,0.11346007429715461,0.16691364919499285,2.9294455673297826,-3.8226200941633888,-0.015157003287342985,0.3388247388070127,-0.7092737530071829,-0.9198929102840689,2.5994519691593476,-3.074917418120638,1.7553024539113171,-1.1888166815248165,0.04858409822695012,-0.7571599744213229,-0.095777696440786,1.1940777878517739,-0.12945331511787242,2023,9
7.535653896052589,0.25857402874500096,1.258222005242446,-0.7895452924739562,-2.6039194119497515,1.9666988911198566,-1.135876386009415,-1.8193572351451561,7.205783725695843,-0.31834443432858095,0.9258796762277838,-2.701427918316702,8.932346040049566,0.5538358003905549,1.0758077318695987,0.28382667792156513,-2.517451267764711,1.956268343121226,1.7241573753257242,-0.03203718454111239,-3.478305946195051,-1.10504974119322,1.5359233350159691,0.3838368575254401,-1.572785953660808,0.9022180112675716,-1.4984805419244358,-2.416340529763169,-0.45446921210443814,-2.070831434488994,-5.429490074580413,-1.0969952684960849,2.1618194312345937,0.42926393417023123,-1.0533576852887507,1.505600110336097,0.213231474894234,-0.18841660634505245,-2.332737205198331,0.6438445406106054,1.1588213638731761,2023,10
19.468635168024445,5.004697683579225,4.549900885018542,-1.0480832790004961,4.694982094780482,-0.49030672483777793,-1.737423067141898,-5.927023203480786,-9.343961514548988,-5.533055051350831,-1.2450705985242363,-0.9936435496281214,3.3135189345816487,-4.7519725652916724,0.5078798238377797,1.444452262479868,0.8160928689904938,-1.0686878931772905,2.804241229016883,-0.8438296639567908,-2.114798561857807,-1.2103583017945563,-0.19424415043291454,-4.064718887469682,-1.4004618324719613,-0.8037539388061976,2.1471391645587365,-1.6689549402241195,3.0413360912627003,-0.27891479957957344,0.41813571539378486,0.7100815646883049,-0.04713000297235829,0.7025574998199492,2.2179002916249613,-1.439023330641981,-0.6051542708647383,0.07667751775773513,-1.8220272128343582,0.6075891868088689,0.6718594381402552,2023,11
18.673748253608053,2.203878814472087,5.683171165749845,-1.7342356485340493,2.5196879118485147,-1.1532758802887408,-0.33335584754352504,3.353614091577142,-5.5756986844805425,-8.772007044638432,-0.5580497692431055,-4.301276658646709,3.2891667392964705,4.721345858206107,-1.1141256516491853,-1.7681379193076987,1.6109339611483984,0.08946573713859493,-4.866930834886065,-2.9480197109037793,0.8516994486109922,1.9165039316109644,0.9647333816956376,2.007308085368712,3.0991146473654663,4.22398789004944,-1.3937444283903846,1.4009053950154573,-1.0974722685364895,-0.7024681211067396,0.6353551458658436,-0.145967626629354,-0.5491850903995891,-1.007938284238286,-0.890020869877773,1.9300963109837725,-0.18230662288307686,-0.3292856241249552,0.3323877567602114,1.4831452300854562,-1.3025996933347945,2023,12
12.07591210126416,4.493351734915316,11.592448714044993,20.356164050612833,-10.499400169640776,-3.5222606932032647,5.855459158485233,-2.0492030571791644,2.9732514550375964,-2.488761208513576,4.114955816303518,2.9177219902187534,-2.6041988099162827,-0.7652831203027445,0.6930543867459197,-0.6752359646763798,0.10821810418880541,-0.9051369135471372,0.6827046066099379,-1.0168134216334934,0.06776353795116387,0.7026607034596872,0.6519619872277154,-1.4647602582421844,0.09127611097977462,0.6071624208497199,0.1497057579007609,0.17123308179943336,-0.31174253346745173,-0.8683679521851254,0.5633271039435792,0.3100837472666106,-0.13437435272706108,0.22436556102688404,-0.5927124359758461,0.2587111475789097,0.11443787507567803,-0.010086598118538017,0.3470325341815254,0.16670031543966338,-0.7387440715457534,2024,1
10.29435450882663,1.2677180504413654,0.8743969300216305,-2.3229281307447542,-0.20757745845391148,-1.3030977979616292,-2.499109274676233,-1.1323104637862105,2.569294303658021,-1.0761362790271056,-0.1419966416863092,1.2682772234406468,0.09722216179635854,1.9744230773594222,1.8779633840468255,1.0830398340575367,-2.4106096632886564,0.6111146890643141,-1.7636957478541786,-0.011377160079792026,4.143272933349044,0.2718537807516557,-3.0892077653761802,-4.198617593287547,-0.1191256900147018,0.6358722013504943,-3.725695635679796,-0.21427052478194877,0.2670808072329029,-0.4901107057057693,-0.2865314318629267,1.9415010999315296,3.232709673364211,2.5311337563060854,0.8721524044500961,-1.7881823444101155,0.7719940178243031,0.21066256597634583,0.08909464255723552,2.895348295105739,3.7023249629303834,2024,2
6.908715653675695,-0.3722768567276401,-1.3429011847621464,-4.410225414356025,-2.4851545954189866,0.9018755689171459,3.4351988196869216,-2.1529840323119918,3.967783734496368,-3.966651368459086,1.9523717597620023,-3.4497222994220818,-1.3667803459402736,6.094695458784366,1.1876697293719267,0.7009387007576527,-3.1339126598429266,-5.714231272956775,2.804415048612355,2.2178653218398203,-0.26166697194893324,1.3893427086740047,-3.2645380496765832,2.5736209486121946,-1.782334518624103,-0.9521830922765625,-2.0842337014679675,-3.0781557583834336,0.5224320035176602,2.1435043786183834,2.281127016695896,0.14085215078649835,-1.4247056861489449,0.6923180836357797,0.42362224171204593,-1.9705166108774579,1.7215103942717709,-2.4973591807658546,0.8532338438200928,-0.9448718524281866,0.6125358078750441,2024,3
14.313663712493398,0.5424376590210166,-2.2788523450673077,0.2775442870237813,-2.0446433236675117,2.4255000324484755,2.217135235977617,1.141425658167439,3.2758529190200774,3.8797780393971135,-1.0242839810885143,-5.095579672228515,0.7668960284750204,2.1765411155345618,0.24963468455346577,2.8344885112624993,-0.1094680841350916,-4.118236353753136,3.438855510239026,-1.0053719177220672,1.1159784017112844,-1.9200858427143555,0.029341971537462753,-1.333016604043793,3.192254551167092,3.4341862067276576,4.80212814328585,2.804661761570723,0.4236468904032006,3.8079558813141294,-0.8416312242865477,-3.1824209175167084,-1.0313452865771557,-3.6611545503611804,1.0933858602285589,-0.4448414857940312,-2.1035365433076243,0.47800810579255093,0.5621112688035962,0.5723867099838934,1.7755230424814372,2024,4
11.97237428741185,-4.345474184697011,-2.02239155975401,-2.537365003508103,-3.6400406247729076,1.8854115801323428,-0.11311403208662385,-3.0894113160968035,1.7141509553820378,1.9854656305153304,0.9342261572964409,-4.32022845418254,-2.381562029382119,2.991724078683644,-1.2619088124541924,1.1844497900451951,3.727762092487261,3.2983735104727425,3.1584003134406378,-0.7748653486913207,-1.0003676731774396,-2.807870530317523,-1.4182326265043206,0.5593973224692453,0.912587062441975,-1.5603309703190638,-1.4017309341316817,0.6672436853887878,-0.04711351950656016,-2.6433152524059906,4.001706185885221,1.8576588200879764,2.192878318308871,0.8555217035893782,-2.013552417229642,-0.6781740018761822,-3.7508391055556443,0.7892594211692572,-2.3154724465211065,-0.170090616666534,-0.43564367059865905,2024,5
16.42822628112895,1.9162563346418946,-4.632095888230577,-0.6664677589034389,-4.664487418060061,4.091180342511355,-0.8980419482068464,-2.832777738803557,-0.21940816438114738,1.8978641171366182,-4.1037276788424775,-4.991006920941553,-2.5891297799589315,-4.360553965194466,1.2514208554539048,1.9245858269579588,1.2835738899620086,-2.235274262800881,-0.4238571259449896,0.1826314761887332,-0.12560105862591325,-0.4209150590323908,-0.38435737215942345,0.7670775957795609,-3.692470719338526,-3.9410544711467366,-0.30538607314106214,2.7435523308682104,-0.10888653905129118,-4.375791714389855,1.3500346151610036,0.5881223079917908,-2.573129956122387,0.7806535786095553,0.33223062382339175,3.8248897861736393,3.012020944701761,-0.6558690100980156,0.5926959992414428,1.927780393539891,-0.6436703567966119,2024,6
12.425266818029923,-4.73837260402845,-7.1743833206335035,-0.8308690040812271,-5.926843223071529,0.45579155592827836,-0.8424249134069819,-1.40640258743904,-3.666120677513842,3.6922124294098393,-2.408816795282735,3.8039503071708864,0.5929515534592513,-0.9709843632940842,3.926194325004569,2.5207739104902394,0.7771665676496482,-1.4588312261851535,-0.9199421394550521,-2.3451565531781875,-4.2453030088729,1.550414315410942,0.24974252070137978,-0.09766553186589769,0.5067921492224043,5.6113457416983685,1.1361819810702498,-0.41448035575318926,-3.037688603957422,-0.9127115941105434,-2.105856962155448,2.0099790072372077,-0.5170429866534403,-2.0242364526086063,-0.6740470295094262,-1.4703664659415028,1.42118267000775,-1.4752627007602417,0.07641377321387055,-1.2987850025720722,-1.9319621303249894,2024,7
14.477926844454725,-6.361689337573416,-4.368327146258457,-2.6955415429071943,-2.5545591631085487,0.38153195023421915,0.3697602674226755,-0.5360623856220447,0.3324463732074292,0.7979860027288961,0.652462866709715,1.5278704694675709,-3.251253522290434,-1.473018102041319,3.39674926957264,-1.493849601100799,-1.233144755292561,1.5321362137538654,-4.8139217654084705,0.2489352605453918,-1.1058694673878384,-0.5546118840971735,0.12872625403397728,-1.998258191322744,1.1796656071837346,0.7937742515916212,1.9784786529904446,0.2170509085340344,2.8775587637369116,-1.6937470794917402,2.6899071569712802,-4.6920012262886495,2.7713224755446357,2.057270228138811,-2.102850206834656,-0.24446186878569556,0.8703860033191229,1.3283870897063503,0.3206153515032201,-2.8244495175104722,0.31268519462466504,2024,8
20.991728631031,-2.0987890016852893,-3.849593983016352,-6.327616304339564,-4.325131503433413,-2.6879792278111463,0.8900707288159717,4.135021738629015,-1.8654400330184415,3.0048209642806825,12.338663647804854,3.0942739067810225,4.160790290871278,-3.0231236450348313,-4.051940897789461,2.533489015183859,-0.754839272155353,3.3587897747737587,-0.5105230250903601,0.959603123905941,0.03465138111204321,-0.448174294200169,1.7715505367720048,1.009507334050711,0.45252989161907586,-2.9247018505139777,-2.1057428689990014,0.22298811877967606,-0.7979841181244264,1.74320295848556,1.7685397342196225,0.6965842270308097,-2.306578741884815,-1.466692850939342,0.7920010112023034,-1.130458426418373,1.4983821223857368,0.12974081081858996,0.26065189039910475,-0.04310885364242542,-0.35052297566386853,2024,9
18.459820264078186,-5.024727101494098,-1.9712746048731342,-1.3435543922113715,-5.545691337736206,3.3417423257395322,7.992125451017562,10.601495959399681,-2.7167497131353113,2.026565930587364,-6.680610812117011,1.9542337173124844,-0.053618117303289727,1.4014725430862345,-2.2746391353460296,-5.695364018357622,-1.386686128416906,2.4486135354239265,-0.3066891833624361,1.5079682700964399,1.0684651577490971,1.782580213008909,-1.1804182131243115,-0.9230530076409001,-0.56109369952721,-1.960997447164828,0.29138945592419485,-1.8453983267003544,1.0309377036496432,-0.2593409804939626,-1.4843820812882431,0.5646419195142964,0.48423423190325127,0.8216356537695746,0.5029820017801829,1.5161108527261138,-1.0634386472267214,-0.05766867549154385,0.42858280267544524,0.44221961651607805,1.0583446603868363,2024,10
15.192871106964203,-14.81428987535561,-16.74094106796762,14.652587431252687,13.81704281071087,-2.4726684306917552,1.1546017863220401,-0.2640406186113216,-0.904144501197317,-1.2648678349528575,1.2197821621788565,0.08793583544211553,0.0881048527154009,1.5074577629636108,0.841482674280257,0.28899374767300234,0.34189707703089167,-0.14427152611439056,1.0004218655582175,1.1531760337125443,0.6115547924956832,0.44276734464183876,0.36309482047264713,0.9761364177273388,-1.7292191273034472,-0.13565871398753154,-1.175980708660305,0.28528025940084256,-0.21125013270058243,0.11776996883197999,-1.2028899427750255,0.7441779452800571,0.5845398926331266,0.6836484666485578,-0.2001748670536327,-0.33176114444663096,-0.6915945794896046,0.29502155871684865,0.5370902136159044,-0.14365633315387144,0.5163848275327111,2024,11
