PC1,PC2,PC3,PC4,PC5,PC6,PC7,PC8,PC9,PC10,PC11,PC12,PC13,PC14,PC15,PC16,PC17,PC18,PC19,PC20,PC21,PC22,PC23,PC24,PC25,PC26,PC27,PC28,PC29,PC30,PC31,PC32,PC33,PC34,PC35,PC36,PC37,PC38,PC39,PC40,PC41,PC42,PC43,year,month
10.009532747008581,3.3268369560405455,13.842379211393993,-16.126313059582348,5.979635538626263,3.670054214643741,-3.9802778851716467,3.2658456527431996,-5.027111207228129,0.20154115236150733,-5.485869875108063,1.7500137819303345,-0.8370430833363832,3.2761117307095247,1.4369368232268438,0.8917980818365374,-0.3859485769209327,0.9715364554910728,-1.2375786246463765,-0.2959483647888086,-1.1131316454748839,-0.387820327535737,1.0539768581145568,-2.9446855129089133,-0.04122536711512923,-0.7534974302157289,0.608603399329417,0.8856598208567732,1.3776503494771564,-2.0331624781627418,-0.28497388946068575,-1.0756475046439267,0.040330061228160574,-1.1293819200664212,0.9731921653286301,-0.3045806441949968,-0.17321540318776252,-0.046078597849422094,-0.19661942021138384,-1.2095132750180546,-0.29376605904121944,0.17110167927773942,-0.10481382040131462,2018,1
6.037865471550079,-5.6709785637570365,4.567937820909303,-5.484493134573554,-4.12718018815536,3.4685088715054677,9.681552378122142,2.808474065734581,2.0939350522055973,8.339343082425934,7.07570329137639,-0.7165211232823555,2.771331401913628,1.83058905175986,-3.4341203771125994,-4.268004699057031,-1.2111790877945494,1.1896931395977388,0.9854742562958709,-0.05962994588343443,-1.5323330455719444,3.4875945975349874,-1.4781538164687362,-0.5478581320110781,0.5273727009251153,0.2033641446975243,0.4695260844941128,-1.1770806414154633,0.3964908175676557,-0.6575656916744902,-0.044757689772987844,-0.5112972181381399,3.312582270251733,2.7671636151581676,2.890368219804852,-1.5902164809730313,0.2697123708656411,-0.9267909383241707,-0.9031187323285617,2.3534708660477346,-0.3838011133388931,0.8460849707814213,0.27111202361059605,2018,2
10.76951599211518,2.2340906156007567,7.01232261725241,12.50564858346955,6.980621058236134,15.398071705330524,-1.9788267103221375,-3.1539596903908858,3.8078461877461143,3.018352742424437,-2.690797617507849,1.8705382159312254,3.903551032532063,0.7879072679459839,-1.678707188382761,-1.0216594171102025,1.735046166179313,-0.6393209070115992,-1.7120120120905837,-0.7964329459903419,0.9764401756028716,-0.660014104547263,0.060926894758431535,0.5554790716233506,-0.9394340082850766,0.7959603468844637,-0.8724108355376443,0.39601671330745924,1.52346132182364,0.03969134562094459,-1.1071595564872119,-0.35000947683081146,0.30351649455674834,0.7948911710891041,-0.504987072089801,0.9377167918364052,-0.6821267701691692,-1.2969193372761678,-0.5554155065609976,0.4859268402324945,0.9218968480280655,-0.8170033653135876,0.4510291020813786,2018,3
11.17293859800223,-0.00615605653969538,4.319800279093387,-1.6691669167765066,-4.782142678715028,-0.9678526926695322,0.6463107764961722,-2.946733360392095,4.661863638317079,-1.0886119267076761,0.8752903661966703,3.3657198600623914,1.8312043278272343,0.040411789886646676,6.247252798141431,0.64952102004651,-0.08780620321848476,0.9229950473173539,-3.0431154811761374,-0.3355916631513592,-1.0620540801423428,1.8251246894770015,-0.45960192317308124,4.770919007824836,-5.4685845595914335,5.761818538672469,0.6344459350415169,-2.26816869147134,1.3292879582500743,2.0172537985347954,0.9089967031071517,-2.1103690999917406,0.5884189109666655,0.21582850631453118,1.5605190388331032,4.118919142511325,-0.17983878920600005,2.1410840102501085,1.1699932450462684,0.3637885371090723,-0.8403000178462586,1.4809860967415829,0.4335563071666941,2018,4
12.424540634377694,7.728591898340217,-2.44278141792164,-1.7644403761575083,-2.7040104326193015,2.0713610698398313,2.534288817033856,0.8983558247037206,4.545589672335448,-3.5272167702915556,-1.0483764167560028,2.3602491046322704,3.2939858124173678,-2.339548098917782,0.8896977950596058,-2.4528639754049633,0.2710683127503109,-1.5838275735331913,2.762179343574132,4.736998692717333,-4.160721222892853,-1.1992024529570537,1.931789085227357,-0.9037821340343495,3.2175917639410585,-1.6373807342449085,-3.0244380487822338,-2.6742694057111764,3.486430156745943,-1.4148167747621532,-0.09230615552038629,2.94410301366679,0.8593820047241757,0.499114468236546,1.4285928060754476,0.11352072177103163,-0.5184834373177705,-0.3755730245107569,1.4963899382761834,-3.5844752640441206,-2.487327956354759,0.6872425298273496,-1.8227982745616795,2018,5
8.46164332666552,1.8899654587062535,0.6867362342147216,-1.5757638648382308,-5.458691064044595,3.017300920624627,0.5777469989721241,1.719665017661925,1.8262894528473952,0.4871389665707982,2.940230037747228,-0.1546311243463615,-4.131501271180273,1.8314887000164608,-1.175337629810946,-0.8927626727837239,8.33027601665466,6.665623379448423,6.155206877248696,-0.3634560515654856,3.1767850478585533,-1.6572708076061198,0.7610423005627793,-0.2420785178174577,-2.8674911071290445,1.019398388711143,2.148092887669205,0.8909785411384398,-3.259261498518535,0.14816047067227034,-0.22350583411073977,-0.5790301601966248,1.2723507139837573,-2.0302614492857125,-2.496350086322634,-1.35377153358534,0.7010213785014416,0.24559403501194293,2.9049032080767114,-1.1518597102515302,-1.1077870584164655,-0.6764785860798805,0.5016505089093071,2018,6
9.385090552201252,-1.3319419181190575,4.255444607332189,2.739045201660421,-6.414889741397165,-0.616914922732664,-2.4670741726519543,-1.1721944942424007,-4.145113907757978,-5.8651574690845045,4.905727726490711,1.521274101246001,2.061339264415792,1.6053390956618667,0.8204071901432574,2.1973627788747434,1.2552522686634793,3.0380485244319506,-3.96913172883967,3.848574027283852,0.7487955522182808,1.5674888075734903,0.6453612567231317,-1.1061898978708848,-0.2673914083635193,1.3428927275211089,-0.27185815942100044,5.551110477919181,1.2154871157426932,0.39974696230865464,3.302819312810444,3.445697372232782,0.2411333379362373,2.127773771001128,-0.00790439985858413,-1.6719522267444784,3.4688995060903887,-0.6793841278063861,-2.831631641762634,0.025872588751350702,2.412922150840818,0.1629273938105606,-0.2859366158877321,2018,7
9.331576349578423,1.5488763752767896,1.2888479271477533,1.7727727603081043,-3.8960430081121156,1.5183686636179712,-1.5072158861895766,-2.0964516508598914,-2.6175521921185245,-0.5344948476243107,3.301481155696429,-2.32066786777036,-3.225349524348066,-3.2261093346702507,5.381393091074715,-2.340635099666813,1.7535364923649779,-1.424297880160722,1.0981908838190895,-1.3451679681252195,-0.08997049948454731,-0.7232845191857299,-5.184363403583284,-0.9048437065248437,7.209456665203895,0.010268067827388708,4.906239859419819,-0.4709557885610121,1.7517662146001571,-0.06092343124242307,1.1476017883962846,-2.898211416554071,-2.8829249072078724,0.414603479819326,0.08519528124670277,-1.8142194197384014,-4.443620933413143,-0.8428665609619276,-0.875145374455213,0.6031259834365273,0.9034158652453979,2.3264284297538627,-0.04503479845381412,2018,8
14.820249140611653,7.408347742026232,-0.007761932353399455,-1.3687801847770573,-3.1666766950034226,-2.6722276680412818,2.7974603645406138,-5.97289524281564,1.5472761736541025,1.9150246799312425,-4.21396772755505,7.749921659530114,-3.216959824580787,2.3942598849071923,2.760762220407388,2.6784442971440967,2.289456429803759,-0.8585426003146874,2.069699986616761,-2.6699129707253544,1.610203621600129,-0.48950791436169555,-2.0883912041622152,2.67885702586279,0.3617380712726024,-3.770042018098725,-0.9026289497729406,-1.7128126021127101,-1.8857676533156715,0.5968952396274873,1.3429048653629814,-0.1653259657558227,-2.168764702559122,3.0210505459726065,0.00953711017539963,-1.9221384128140684,1.3028932529201425,-2.7415973179549624,0.41505357548176286,2.24064080877551,0.7332811675500489,-2.739575005460415,-1.584776215640694,2018,9
12.226425010314074,5.574918559107305,-1.3705019595491672,5.147162003468122,-3.8706717644407758,-0.7510878997998226,5.5529606119866415,-1.8259372568220824,-5.48460126447535,2.1103004118825894,-0.8414575388869348,-1.3905817890469296,-5.428895209183177,5.124199859910334,-3.303598206265929,-0.7783091398284786,-3.5196244150532996,-4.2538640733587245,-3.0272997561561175,1.3483805153650799,-4.880348340528659,1.9966052950615352,3.134043144209507,-5.360196386998819,-0.6424482193774741,2.2274851586391287,0.2637568578298754,1.3927613427793273,-3.3401149001556147,1.484433570484072,0.7003691618869997,-3.0592633752913745,-0.9821055024115494,1.1189450476145317,-1.2731225179380399,1.4238846722551832,-1.5762798701585732,1.3886750957715264,1.919943643108662,-0.6971419720277736,0.22164984268614188,-1.0077386026291624,-0.9737045003980151,2018,10
9.745061296701827,2.1637424404380616,1.638522037870404,-1.9299136671975308,-4.1513151363289875,2.763827146143643,-2.4957514263298637,1.9744907212807161,-0.22016516708615025,-1.6608867536331013,3.3302324666648664,-0.23120762797842417,5.196657623639358,-4.101126425296396,-1.1116453035389358,-1.09703426605756,-2.0662751689212615,-0.08941206191034833,1.6016402898644417,-1.9162204800484182,-1.0851382159233884,0.5497676432365852,0.17139501280762132,-0.6706610914772241,1.969060202651111,1.754289169876667,-0.497478109045367,0.03863933864499849,-0.8811604444141883,-0.08281061029447101,0.18125713522338352,2.4990655782207973,-6.73135025573306,-0.7366713615997739,-2.284993442598334,-0.6523255429086979,0.6507605913079418,5.159368876391547,0.6707759035534494,2.1856438177901505,-0.16292690035939195,-2.4907611311841693,1.9079721463995043,2018,11
9.279114110716844,-1.4024404025877375,6.875404116255507,2.662627663203479,1.2875359248114886,1.0243453991030353,3.388491863489184,1.6174451933538092,1.563951677492319,-1.2314448164101623,4.962643623338089,1.9139592470602669,-3.3257402799879356,-4.097071178409937,-3.1080706705562284,6.3673586453393245,-4.399590835049517,2.9692466893537635,-0.8172311139063191,-0.13511769099042198,-2.6521838350389064,-4.681745490075226,-1.4321544562140764,-1.1624751797398967,1.5764105693674457,-2.426850800457442,-1.5397487411151176,-0.6467580322702445,-4.0808189576121086,2.198417620092889,-0.5040378904810521,-0.237977589359542,-0.36793946522248155,-5.125147793239802,1.4064955634969916,1.8037160131482348,1.8051037310651123,-0.8829528236819192,-0.2784487389034751,-2.730866830116545,-0.012998725028548869,1.1781333862747725,2.0510163991471737,2018,12
9.44605153377551,-4.055238622599081,8.135244472968077,7.158483678921255,2.1492711184139606,-10.037275056691378,4.250057471622705,3.506864902301203,-3.374571071985727,4.4953176057177755,-1.4815240462438095,-1.4447724726622098,5.107310704264266,3.5236897870390824,0.7443894804765071,-0.28968394666884534,7.124427591511181,-0.6860412954158993,-1.8210426488403035,-3.816325054391248,-0.5857893009812905,-1.13119915431312,1.1873356295631186,-1.21919980957939,-0.08472794048943966,-1.8039478987651936,-1.3576070112808578,-2.8590762891314077,0.6584840217641924,-0.6672073969713287,-0.14518083541770613,2.5865108057543047,-2.5577347846895475,-1.264767063888312,-1.5687020905885618,-0.4744915220796637,0.9238264065984371,0.6683497255806494,-0.5417016972246615,-0.9055213457653976,0.6743800713720379,1.8495649708622406,-0.4862744593424225,2019,1
11.102715155140558,1.5934448235387735,7.914733094686182,-1.4502757313035084,-0.7677513069669707,-4.859161892173143,-8.477551463372208,-2.7781116056305017,4.047774341213987,2.319095989961244,5.2458097031305115,-6.681789964277299,-2.018887388671261,-3.1368487008423167,-3.113670538142067,2.090722290329263,0.9684095865245143,-5.769666222927644,0.774756663676428,-1.8385240841337889,-0.6767690215103178,0.29853835080850444,5.667950322908925,4.8780623063538355,-0.10119813462712939,-2.2903983099977108,-1.8816132418431546,2.5024188020951357,-0.27235905776652153,-1.2723286362809567,0.2059349898035279,-1.0107506591787911,1.5821991274311327,-0.07063036991887352,0.21344236422419172,-0.028267386131290914,-2.10550062374373,-0.9539810956576563,0.541741374915662,1.5697120256125794,-0.0043327171804731935,-0.3086898464914914,-0.5507872724403517,2019,2
7.238859691405596,-1.8507208426398636,0.7994232777248973,3.8471119473832807,0.31164940851906964,-0.8925816554188072,-4.999641758402242,-1.4120005310234731,-1.850047452378755,1.3654804951123922,-0.21439999261700546,3.482593658865409,-3.52409023675679,-0.13697413668657588,1.373366021452296,2.2587269462949444,-0.31206218828227195,2.975960457567287,3.5888993111368994,4.65181388889689,-0.7001224494517201,6.995296924339851,2.0264488167350008,-2.2382036312002613,1.4766481845083201,0.35136871517400964,-2.1630889648141856,-1.6277208286467266,1.6080667305567098,-1.7876478415048538,-1.7403364288611685,-0.9139283700953872,2.316870646531049,-0.9044060109114195,-2.968039463193259,1.6201422632641158,-0.5451005302572134,1.6428667864289368,-0.32034906048012607,0.2909886291702129,-0.7509289627889152,-1.3571201338491,-1.1530165250017632,2019,3
5.610760412696371,-2.847484553982022,0.667223231336553,-0.033861728672317654,0.5033682235175739,0.2756478533907177,-0.00997489368581568,0.8194970517219099,-0.20349542660751962,-1.332386243480653,-1.7771951210649448,0.4050117448304765,-1.6890111447735168,0.6931076832300938,-0.616955385579705,1.2536099840004145,0.2310846554968121,-1.8999400155948687,2.2153205141731056,-0.9778170366566888,0.22246987520426204,-1.1910640270865362,-0.8211911360819018,0.4025355359307906,3.0487342210234543,2.8889939665559745,-1.690204898940947,-0.1304413398501408,-0.7198918153963159,-0.4928397861591589,0.08323842324432089,-0.5855838386972915,0.8807666062456735,1.4545519786286576,2.2629430862471973,0.22867211068607682,1.0821440295860107,-0.5068650536935898,-2.9441314891106987,-0.5957401708580493,1.54314885212633,-0.5578062031017811,-0.9492726080687015,2019,4
6.400051933365889,-4.06065575160326,2.2668711434035953,0.11111216332551521,3.0515957791726733,-1.2985584593956976,3.264477055519702,-3.4796206605056432,6.661961836028811,-0.16974835744143058,-0.7695773210285476,-3.266616779640929,-6.984626577080958,-3.2060206850939585,1.5756984349761156,-1.1530463933193398,-4.283386900186849,3.8971042055650202,-6.082692045105566,-1.4332159025178233,5.362299128919078,2.1321543529233664,1.8007113684976028,-2.7575787840249357,2.2045729004468186,-0.6022747099562004,1.7525787509190436,-0.642902456285075,3.034744135072868,-1.8624231800762998,-1.6109818670093405,2.054586395186134,-1.0280878099058448,1.8742321014840873,-0.029051252727442984,-2.021114921829275,1.8707727682132405,0.6066005593918716,2.945515172035946,-1.8307562965535185,1.4337412598740769,-1.2469013099510207,-0.1862265769687554,2019,5
12.057231361063232,4.1126379435043185,-3.0643746839641697,-4.386476656702719,-0.8933971332012841,0.7446161018369029,-1.843539045412856,4.019356874376216,0.46519279423017956,-1.543126157415384,-0.8626820243223439,-2.388694560660793,1.3385979540761472,-2.414373754176003,-1.1345409691234454,-1.2227838770220905,1.271216346303006,1.8737265396952538,-6.15786273959258,0.6624524172548636,-0.11391280186918129,-1.7580507364054032,-0.8682890829633229,-1.9814181288842025,-1.7811767204001636,-0.8848919133066033,0.5170515356289739,-2.626263311164829,-1.3696807805957147,4.331481558041594,-1.815756332993097,1.674322852665699,1.577766256371483,0.656661171130201,-4.698453538098559,-0.8644965157917168,-5.3148790728677415,-0.8158407075434081,-1.7307970961297827,1.4560187714462867,0.4050347431779337,0.0663594050634285,-1.334130805104734,2019,6
8.384340546142369,1.9629064157657485,1.0683334178568913,3.1205807935209733,-2.592881657550871,0.4019500329307461,1.0445694770609366,6.004314245316818,-0.2930929918756034,-0.6121024538514684,-2.755991312770658,-4.478637742238916,1.6627509861872243,-0.29708545132385145,-0.05810811669375028,5.729257516792266,-2.0097351194240005,-3.2257358008467403,0.5182307983117643,4.625452521504259,4.4367782461504515,3.058139533674552,-5.517213381515352,0.603242584250947,-1.866534954998353,-2.9128127166692783,3.0853771809374853,-1.2962280616983928,0.4872099183126837,0.4590971845834885,-3.945867827702432,2.7401219284734752,1.0127543456985038,-0.3678242559394815,0.12310794946476764,0.8102105158426879,0.43025686446611044,0.6930002408344792,0.6284858411227029,1.0503746363405546,-0.2730440259674336,0.3286602118271833,-1.855498299453837,2019,7
9.027912462014442,2.8371808204393685,-1.0052520726302334,-0.7437257296054545,3.0536757924424447,-3.464667984731683,0.43491724505573026,-5.543436078635221,-1.8272421700193455,-0.044001273758945365,2.6824677276736377,-2.340295872638263,-1.6845503433976596,2.525247367046626,2.6492523650915367,-0.6798200323300483,-4.047371934746138,-1.1803743765145471,3.5202170156652404,-3.291463846427786,-2.6394962137284104,-1.4218470710696796,-6.011788793445761,-1.8256792927513315,-5.539437821764531,1.1329885833755777,-0.5049907171283657,0.7028164433880248,5.246783997796176,1.462758725947547,-1.0672102342222014,2.7099086427363477,2.8631354264112963,-2.6747479433108654,-2.5571798926942364,-0.09995416349983505,0.031664468716515216,-2.140823085031755,-0.6342007743386096,-0.12997592052647966,-0.34039931327033995,0.05558544627869729,3.040222815575346,2019,8
6.930076248719041,1.089390616963729,-3.6389160283641053,2.433612255582381,-2.062521745204017,-1.9169059573870277,1.0370451705254502,4.386251940182285,-1.195978874074387,-1.0820681828746097,-3.404353519957855,-4.599494780701078,1.1310514136015042,-0.8478025801944243,1.9241551875443081,4.959170912997205,0.8155872420962704,5.217460665063493,-1.1653629882958572,-1.3935840210439312,-1.7566806434280378,-5.208428262527157,0.310579195268478,0.3087927992223804,1.4574070011507028,2.5605798392111163,-4.369783483945247,0.2676640212139098,3.0815808801533553,-2.4837265705784506,-1.851210531100004,-5.348341831185722,2.0745672537216926,2.795126512419954,2.408391544674483,-0.6798303742840375,-0.4662584087500895,2.8917040586150065,0.35969830339163467,2.746506394125728,-1.1112886551506498,-1.3529845583463873,1.4329566937037275,2019,9
8.884430592643112,3.84198298205704,0.4480907233109178,-0.13374619401936017,4.812675225377943,-7.02012196814617,0.9554437140930396,-4.727470147670456,2.083167212521274,-3.8347538988753174,-2.9830120273673284,-0.05515854048666674,4.693919496600577,-0.001926377867586342,-5.523709573979743,-1.7510616562041492,-2.6836255477605593,3.7398020268060925,1.9190162911932915,-0.15962214887469256,3.0164144096074366,0.9356053656517456,0.5941370991515283,-1.1664009049618709,0.6600938402747341,4.245390886715943,1.7934320908188257,-2.8881278817864904,-3.4875045668428037,-1.7616630677563665,2.5143416699704257,0.3602746361322682,1.3904240884881534,-2.3012870943703123,2.250946176981465,0.5475537247510713,-2.782019305237803,-0.22682875974074357,1.0115091735140427,2.720148357674,2.0032836228626727,0.09854827350984376,-0.6008744144061816,2019,10
6.307124520801718,-1.0380590918426085,-1.8749263990069396,4.380539309954656,-2.470664994858744,-5.173199776056764,-8.4842467527893,10.488609714962461,4.709547573228866,4.92437806679525,-0.5288345248841607,5.749253133260669,-0.5350169612487418,4.4383423646818105,1.8216240143130153,-4.845456729189964,-4.805848133846277,-0.9699705984114574,0.5060972674070411,-0.5808237412474891,3.518991032509515,-4.224923366124274,0.9680155539599551,-2.230292797135493,1.2992825057371349,1.151878668986654,2.122724269661673,2.7708053334830685,1.4077213132484165,1.7550469604273238,1.1509433321690328,0.4155618052652646,1.0800090605428958,-1.091837753865435,1.0440044415828584,0.38855587778344775,0.022483668320927245,-0.5897194220674924,1.386436626967427,-0.4370399609895087,-0.977482964315943,-0.5932637459854261,-0.42685126066227613,2019,11
2.3277554532431113,-5.520551803001573,1.6262615298633023,-1.373528483112953,-0.7785085577423062,0.646342295618173,-0.5472743066231407,1.0231897662755474,-2.6085368888023055,0.4114203877987507,-5.918351923123258,-3.944458116307183,-1.1569123169244426,-3.4845634210507566,-4.058117342145873,0.4147549512534937,0.555193674158017,0.2241561962547756,4.279593828659131,-0.9527949987837755,0.07518179271530258,1.686497013570243,0.7742228148853133,-0.041441392039545624,0.25064754473574985,3.8777153244981792,-0.16986961591756075,-0.9149165971516907,1.076808548992589,4.171094636037016,3.8587067042177248,-0.06927712438978263,-1.6195152263434638,2.103077042322172,-1.7165178458147203,2.0641984237802515,2.0249157501043307,-2.200268179856913,-1.3413366397463453,-2.2921045953734036,-1.9722597970827764,-0.6131019129755739,-1.2635693776872954,2019,12
5.303687535559604,-3.4164953494703934,3.256919193918339,4.534088193859226,2.2092532739178674,-0.2703799219546979,-0.30922657610246035,5.867504734245809,-0.3091888319126687,-6.607273276255873,-3.139847090124809,-2.870554500627077,-3.1164720667919963,-0.7090707247503812,4.568404925471635,-8.427024873246227,-1.4545534909056976,0.5686485286893536,1.703084447946095,-1.2705572291559173,-4.043202366623276,4.151573718306626,-2.438554620115952,4.873510437008766,0.4125068646765173,-1.647253553146545,-3.656223336737089,-1.2965012563638774,-4.653417585255789,0.2478649403019488,1.0421716935883576,0.36700545681944663,1.9034514809278218,-0.4143754578227178,-0.03556146104726644,-0.8630175995227478,0.8871311993711979,-0.4399264458074675,-0.09309412881446937,-0.8017895445625302,1.416882293914239,-0.9318427416566522,0.7415507703463016,2020,1
3.524621180869282,-3.6648778752756357,-0.9282383340496013,1.8419105881263544,-5.516060124111282,1.156447478768502,-2.698767670524659,-4.2012062957130905,-9.486554453657828,5.812646139235997,-2.1970950786395225,0.519075928088024,-1.607078410807669,-5.215997201046174,-2.0838921556656675,-4.381242419376796,-3.6152247778543143,2.2947949613562812,-0.7305352708710583,1.6855881053855546,3.9094487628551007,-3.690856003349221,0.7190766205952603,3.1101568276621783,-3.503218244434487,-1.1730465364351994,-2.05125787407926,-3.3637094299013723,0.6504018629432344,-0.9773994256200409,-0.23930419857537075,1.5219715945581493,-1.1527706920904879,-1.72054131804165,3.285269446023994,-1.1394749980741519,-1.12520887664243,-0.42898885317616137,-1.9069677993219027,-0.22328030893005582,-1.3753094919936453,-0.8390348313302317,-0.30161219348495305,2020,2
0.6685036361371569,-5.411679279938257,-0.1737722181025526,-0.8252560784124904,-3.7333183059696182,3.5179568625608164,2.847865625770553,0.8637006148698588,-0.700209030182161,-3.3420650958919946,-2.5998225677442304,1.1335572875927444,-2.6631096853599807,1.2710343848785528,-1.4536931764643064,0.4468041535004715,0.11583579113467382,-4.6870918194108695,-1.0953091087828808,-0.9622945743802188,-0.08321488770720564,-1.159995161943782,0.01940635131231235,1.5136018864825056,0.233742884748075,3.2104654537095763,3.2403231702128226,1.2736546793576797,-0.04529360380620879,-1.1104464497643027,-0.499805014391178,2.5881872415841336,0.24175566992106687,-1.1961593554606558,1.2984195527261653,1.6393466584325382,-0.6616735301606418,-0.15351115149630984,-0.20412419592384265,0.7737428533973467,-1.2738801527490802,-1.0771027767583332,1.1730426769459084,2020,3
2.3352635915186846,-2.755814465806633,-3.8462142447436767,-1.853316481870236,-2.895203531481476,2.7466690285352606,1.5424365977111025,-1.0363131959154872,-0.9017083798178464,-0.416867601961027,-1.7724872971589327,0.43583612051504256,0.659540596872632,-1.0553155956304805,1.3147725439531708,-1.1705678237604176,-0.8226329577764837,-2.854815669367656,-1.7664544137037987,0.6776193565060087,-0.13159587359252933,-2.8290460119298793,2.8275118531710155,0.12816893446540634,1.0326071119246811,-2.439266217260958,1.485794952224756,-3.0818281218862635,0.09947083628508624,-3.237836832387167,1.7774591303040146,-1.9430635666016416,1.939845902846659,-2.8344061065555217,-4.8840888589355105,1.1156305103972854,4.3125907217482995,-0.9862946261732493,1.7455178633279036,2.1165741716966857,2.985809099087673,2.809633724154438,0.16299017882588734,2020,4
7.3560532903244935,4.341482931186213,-4.007270120520575,2.682310001542584,4.375478895284792,1.0059091932183506,-4.435828878344785,-3.5812608898600735,-5.555187989725689,0.738650172518577,-0.12185794871267992,-1.824141260755419,3.4910088578248484,-1.6529301889826986,-0.8355350476939921,-1.7574327337848246,1.6377079645893768,0.3987407010366962,1.4063202114769344,-0.898272551387991,-2.3164952861585246,0.46066090167781715,1.3690245045490546,-0.34434295340944837,1.2013187337846403,-1.5670147596360249,7.033477207589618,1.1393454134155705,-1.2379826860387213,0.6936979184274359,0.0058390358749143625,1.3104848396523947,4.437853936444834,1.4949162266542013,2.89201419268578,-0.6721163998210467,3.1871231291327047,2.621842112421037,2.5088987958256004,-0.45621768481364816,-1.0358081688754028,0.9207502819267126,1.677645447538224,2020,5
5.072298624564791,-0.48114830769831163,0.2803224767688893,-0.8175979430345377,1.7296077129835925,0.8286346996581975,7.097384562004509,0.3726917361895928,-1.0895422892325954,-2.3631425435942655,-2.5837262359812994,-3.900265964227363,1.4821925207477031,1.1201624838212971,0.7305244374723143,-0.5986060507269435,-1.1938053545971221,-2.6168110305350853,0.8219247752208586,0.44195155967934496,4.5928230431455255,-1.0393864724846504,1.3525906499638347,2.278007770082331,-1.0113201242712198,-3.197050485855303,0.1863270590807632,5.527798632346598,2.1640813893324213,4.053622950273973,3.409065801418034,-2.93687789243624,0.08147570719500026,-1.14277722099189,1.316543739306865,-1.6258399144721967,-0.4792617169532219,2.341975756612072,0.2960274145957076,-0.7166444196425915,-0.29583357032605695,-1.495288568003528,-1.0903219989182433,2020,6
0.9919844055269017,-3.7954525590497985,-2.536229888082277,-0.9936771299365252,-0.08397189626076668,1.4396165405394978,1.2013929276700033,-2.2518272274687225,0.13182181444965474,-1.9343874669292571,-0.16736511703096316,-1.4131409799657584,-1.1493389811160832,2.2840604641684035,-1.209457408238725,0.5721102500653372,4.151065478376376,3.058799632796257,0.8742118796448871,2.3591412677471086,1.455553406652445,-0.6754472283521386,-0.3282281708628766,0.3823003960740459,2.103502569243489,-0.7608702686852091,0.49054497350485576,2.199134021908027,1.256577211508611,0.15665480933225887,1.463801480912401,2.2403850124045537,0.8185492721644294,-2.3602485669639846,-0.5083470018831762,1.3825748296171525,-3.274305246504389,-0.25966978279790376,-0.6371202043273541,-0.5662248743117999,1.4358988513069082,0.8846701819301855,-0.7923905523429674,2020,7
2.538999522653018,-0.9044007089420487,0.266577907772944,0.6852256495015422,-2.868140119452179,-2.5398769052262486,-2.221001669966654,-2.9683447744097737,-0.951749522916284,-4.180260976815831,0.5247000075254429,2.274639525512797,4.618306835972909,0.8672596774952177,0.24882529890309957,0.5081692154390788,-0.7327867373833051,1.0702099274714125,-0.47178675758981653,-0.31708376031385127,1.5636774268026006,3.76541654709887,0.40219805669970266,-1.2472910883895187,-0.36174735112625417,-5.436635428140002,1.3008375523943339,-0.37272866063955684,-1.2727925720058424,1.8362459890084253,-4.019692255336334,-4.492183130708254,-1.7332592923592858,-1.0789268510164136,1.7835416896896088,0.08658454343270927,1.5955829266473134,-1.1450460519994754,-0.6627225346015092,0.022780747161692632,-2.377648108131826,0.2889085405234584,0.2226769890407758,2020,8
2.584281554773778,0.022162525830096633,-2.2540054068403435,-2.9940972632874914,-1.439321023976559,-5.120159936510071,0.5894085304910022,-3.147654374783462,3.207469301614598,4.933561494164475,-5.258229270533347,2.883012894746184,3.5983463469449664,-5.521595974052201,-3.8048599914133727,-2.949349017007144,1.6658313338289366,0.48134695226036656,-3.4440470521208986,1.2932491638744243,-0.8174629345443862,1.9884126366752157,-6.014990422360731,0.43325428486413303,1.805490088078261,-1.418591219880972,-2.048790649109918,6.813414299760763,-0.1054964687335122,-1.1301557315062285,1.2694955226160385,-1.9224025380799605,1.1207732713554392,-0.4360387710234256,-3.177984727511844,2.497726849202258,0.5641530003278346,0.700753171891622,-0.8060981888950381,-2.1927036773263713,-0.7394710065560534,-0.6075169033760188,2.035010387825109,2020,9
6.316772475655264,5.323232462982662,-6.736012273393461,-3.894062076388119,3.107655767846289,0.33013805696575294,-0.54178347843311,1.8380228191533743,-1.5449271314448962,-0.7998342290141006,2.25901216206285,-1.5512872091797918,-0.030441736315930206,1.2597095308898245,-0.5264352808251744,0.5608261228386567,-0.2548542295586625,-0.5967085839653353,-0.8214815558671299,-1.098628562754752,3.9774829889470014,0.8544312599531203,0.616483746498621,0.46958575573467065,0.9211378752719633,0.8574287523949915,-1.32850355046393,-2.297943368162456,-0.13939169907117643,-0.6003497223786501,1.2518786339079602,1.2804374035187196,-1.7011208059135101,1.1085291879144124,0.804365568759786,1.9023331483504264,3.3977418453713386,-1.849993369768407,-2.4518141205381268,0.42258463123502527,-0.19888392162635177,-2.2993485183614926,2.114355600810199,2020,10
5.879805978453842,3.7623125285975845,-4.67458233065832,0.6112129979642795,1.6629707667722011,0.1220051878112015,3.0833699366023373,4.624907601692706,-0.06700184058030212,-0.8028746460237638,0.5635592343483391,2.8119931828503772,-1.8870840870894456,-3.507218836992216,-2.4312999332179728,-1.1978775161601976,0.16542628743388216,-1.5696136239406449,4.5301273327114275,-2.3618343197658898,1.789610367311384,3.7414740258078476,1.7518610177025868,-1.7453960830103588,-2.9790451385448566,-0.4480994032731322,-1.3314177348242058,3.464739091182649,3.0610188015109454,-4.626030752055388,-2.14349441346163,-1.0894889083834745,-2.1631706804832773,-0.8957621209020296,0.6592849261800487,0.06626814846919529,0.3418669584047951,-0.1453826731046833,-2.113009077656239,1.777832553401856,3.1445864884207864,3.712319795307403,0.1669173760337808,2020,11
1.5540191355367856,-4.934735498594666,-1.7451328073180359,-0.5309273258301449,1.1212244530102222,-0.3075208929972339,-1.35885704657436,-2.1681473008926155,3.19672442221494,-0.3901278284039974,-0.43066610773858016,-0.183948688992212,-1.9483524444532183,-0.8679835160254898,2.2161460564679296,1.6309404826354896,2.3878863926728116,-4.217191500388704,-1.4538458826042204,-0.23868967340014602,2.1420990755332796,0.486412819868381,1.6402901625578843,-2.083892651395762,-0.8312870502626601,0.16705671868280755,-1.6396250941261188,-2.043676320501142,-1.7544401851408382,0.047444179332049384,2.470747653509295,0.7465618141740694,2.84885932079638,0.7180765251461672,-1.4429860378539203,-3.6759740396635787,0.08030453308341223,3.152941122467676,-2.3255678817892176,-0.5521168778929376,-3.8619173052989533,2.1377865885150795,3.2286971612258775,2020,12
2.8368497806416713,-1.3698575648790454,-3.205050048923898,-2.3571565233134195,0.2034240311363114,1.8101402529970725,-1.5748720900147455,-3.629073625312647,2.099331497457509,-0.0760997575834108,2.915770451084432,-5.495923722758915,1.3406132845753893,1.6514958889598292,4.3178583101222285,-4.636706087776917,2.662196132395258,-2.3513819410802075,-1.635995251895128,3.048794760722628,2.68041833939016,-2.978494250554829,-1.2223214640310744,-5.167948177169172,-3.037798373597126,0.23403868636138228,-3.541578705245827,0.5431072065017364,-4.516859894150009,-2.667657754445894,-0.9555619148698753,-2.1441607220124785,-1.37939223079564,-0.9190149398979063,2.409161677684538,3.139146311172781,1.558638786545806,-0.07912656032050623,-0.344779988171562,-1.3525656602193055,0.41365921136343187,-0.3933349966245404,-2.3436040840959587,2021,1
3.810048932683046,-0.9591389162583772,-3.452852710648853,-1.9078692345354238,6.40467511252818,0.9459799784429109,3.52883116531571,-0.09306344935085609,-5.578746151457303,2.91894131013247,6.412570975378982,3.832382324892293,3.5380039718845113,-0.6466080396802357,4.864507242006883,2.978477378800723,-2.698188705481137,-2.15110070777004,2.3242225309272637,0.1106256529780348,5.043165861280087,-0.1706920233147904,0.35274002115635267,1.2433705730483557,3.402451843940544,1.0883850314052697,-4.679126018251706,0.9359541041737476,-2.438852277561128,1.3837972040588038,0.5089307232159975,1.4285533787699207,2.6460458679937187,0.5921790027493117,-2.1507229366501557,0.8463147906036012,-2.3557638412065653,1.7383732932036038,1.8815342768576193,-1.0139283245272637,0.5169258351658351,-0.857479374126748,-0.6885537370513587,2021,2
0.0319052842290327,-3.307669805326438,-0.4342076074998863,-2.6951247368005045,1.0996574265084125,1.6927211418800017,-1.2539773813753552,-3.6246142441821485,2.584339483783558,-2.085122779398614,-1.8080050565050476,1.119857649585675,0.05362834314661322,4.591372006786248,-2.1214322521296802,-1.7309401663761779,-3.0318595161565995,-0.98597768835764,1.5250253171703168,-1.3434022153427143,-1.285033327234561,-3.4843669947194846,-2.0666232404642986,2.265680864102469,1.1244715633463556,2.1679577559480094,-0.31388828365570604,1.9102547829334313,-2.0550299763770297,-0.4218028101230207,-3.98034881151813,0.23251288891530902,-1.3803024269470934,-0.767302121432304,-2.2914085699742026,-3.393718438502145,1.7564023990234854,3.996996488178698,-2.4914579757168416,1.798328466348435,-0.3457176353905311,1.8718154065624832,-2.890318726444562,2021,3
0.021945182758582118,-0.6155359035651273,-3.451105054707569,1.2359274412847043,2.1400471623192314,0.09613547921171686,-1.4585684476630691,-0.3787536738839209,-0.23998027663806962,-0.9887711725573228,0.32469906275538696,0.31639898730521626,0.5341401297575153,0.8613878374323457,-0.005356571026835943,1.2851774527474051,-1.1586372299991112,-0.6360193469021714,-0.6330990151476398,-0.37627748006606776,-0.6145373438662282,-0.3169860399756594,-0.13962908895560905,-2.2243998901778173,1.3205344553125589,0.16205748693296965,1.942348123399596,-2.664752468943269,1.4461261465299071,1.3860244926137064,2.6770276030250097,-3.126754247967654,2.090369454965525,-1.2223996075193106,-0.6338396127883258,-0.7164134162386926,2.3070439250684305,-0.6093795318170062,-2.086456841892399,2.8049528807330715,0.3389082245104642,-1.091814964059042,0.18527554345370356,2021,4
2.5260540564130327,2.267286958024669,-3.092043125040419,-0.3850149928405245,-1.7355376328772258,-0.5591998221574966,0.3828739581701452,-2.4079983543690706,-0.799923764213276,3.798342882909941,-1.9562179576303156,0.5140872696684695,-1.5237741047658535,0.5994272642382266,0.06423387645234228,1.7509281243472485,-1.283655078373301,0.4318969352486009,-0.9886493827668169,-0.07479872767447342,-3.026168468675668,-2.0212929857666753,1.2230854261167987,4.047983924666023,1.3726689599109794,-0.054135357968499415,0.43857974817588696,2.26710865648273,-1.2030419534476486,0.2398215540458386,-4.077780890379647,3.2483481180105986,0.6268453273250392,1.2863673061315968,0.646415777495886,-1.4443667688262831,1.3303137033135928,0.3794340861466815,0.7222565749393803,-0.8134956244904737,0.19637268024477236,1.7847919976044413,-0.1950858454319971,2021,5
1.4807013517243215,-0.07808574026191803,-4.867608891661151,-0.6602408733274295,-2.7988256807180467,1.1961659205901585,-0.6133454907776922,0.4475504177940758,1.207867439634168,-1.4997550100078167,1.5941761878367213,0.03716418707532054,3.7891147125347406,2.1237307072951124,-0.5217846470582701,0.9827972063451837,-1.489249886061147,-0.5187187067265435,-2.2408019749826638,-0.4406482381785811,-2.4047686347804067,0.24887300227601683,2.8182603583962194,2.8831253829574437,-0.8378978042209614,0.9009229889397312,-0.43450145872618,-1.3004093765717195,2.7489473041253594,-1.206499900201163,3.4068867137206995,0.21419494818625043,-1.7247038411646982,-2.7147427590526276,-0.0782572916504898,-2.483310245676551,-0.5884939399893822,-2.8377809619171765,1.5095360177701331,-2.147035696644158,2.126004082072742,-0.49163744251746655,0.6193993473816424,2021,6
-0.6671075510161758,-2.081638940711505,-2.6035661062359488,2.0710247990700026,0.6346203969226254,-1.096776752343506,1.5947560410655452,-2.0851925885935563,3.3741677972424338,-0.6679080492375995,-1.2863860455823686,-0.9192578249824825,0.47376567434070094,-1.0084495175582757,-0.6611435821805041,1.9554722237037347,0.8720110623432916,-0.07898306247187709,3.9670165706860074,0.5807314476914929,-2.415366176363488,-3.044584709530375,-1.4591159780307779,-3.381521816326776,-2.2368074997001317,-0.8424388127986981,0.8629905156011571,1.0504034907450162,0.8560697268358305,-1.0729657647233866,1.4154793794872549,0.49342768497770056,-0.6389353993320376,-0.3067222765054646,2.3493589360534792,-1.5076710534616389,-1.5346360022846783,0.8093945181923097,-0.29375868868710603,-1.8898034541184126,1.6146134494585653,-1.9202543617635035,0.7506782061540173,2021,7
-3.8530857674333845,-4.423763286099532,0.4540896331852533,-0.2667091093063531,-2.3225549307222626,-1.0698494594056875,-2.6401874025498695,-1.089244866629659,-0.36216952313058476,-0.962605368822263,-0.6102587404313999,1.3843712960383705,2.8532824485232795,0.8478788677762878,-0.681254561366772,1.3098566755857461,-0.04176165426519056,-0.35030599463535816,0.9303082406299698,0.929204865200157,-0.6422938328392335,-1.0346054610026438,-0.3872013603873161,-1.7463330241745918,2.333348508951415,-0.2799242721531253,-0.35275612249094346,-1.339195091493766,-1.0438577030713536,0.7789550631709209,-1.1363687075866635,-1.98588757250336,2.5746629602779203,1.9837495219481773,1.8933598408492942,-0.8043529669037492,-1.299552258741907,-2.903502641863561,-0.832097258784608,-1.9590717532660362,2.179802503547545,2.763765814970696,0.06153244671625256,2021,8
2.442949207796264,4.210073587966689,-5.207961772268423,0.01180465517484807,-1.0170927933516543,1.1033732813786474,-1.674348361577737,2.084526789908914,1.0503335128823432,0.3449262587303595,-1.0709290128480897,-1.1717229291441693,-1.5403590400748424,1.7723831868960358,-1.5491464592943323,1.3345073066518864,1.9886155104077332,-0.6440904774663676,-1.5209883128274695,-1.0098150545018127,1.9202547971294786,2.9680675440156543,0.42005286805094993,0.6662894243896929,-1.3523316472424596,3.2363999008984616,-1.026502187269828,0.43360249640346127,-1.5125385277974173,-0.4564995344735896,-2.5866008473956077,1.1174873713037767,0.6247110996650055,-0.6696450119446634,0.9440468519774351,-2.2555961818495063,0.2057771979938091,-1.010925630677292,-1.968642328791826,-1.9440144506578505,0.29452846111955666,1.447500931595255,2.0751319327366606,2021,9
-1.0358381095407279,-1.3661976087586494,-2.713518029596815,0.2876374774159813,-3.248611888495322,1.1450696105517977,1.0486626829677141,0.24968404668959476,1.7716122569593744,-1.8001125677424041,-2.4526288146690924,1.0139251170327215,-0.8142010164662637,1.249816509045982,-2.157608141971208,0.644435404450375,0.1805026075522102,-2.38845168728731,1.315074522540514,0.1540945052991585,1.009954986230156,0.39003131593906465,1.522409513705406,-2.1791845392481313,-0.12164203384341513,-2.226517178541495,-0.9628450031615103,-1.8259352385828678,-0.16626786100066226,-0.08207054458860513,-0.6016934719464712,0.7497363187689466,-1.0328861423395193,0.6730629588505415,0.7845790290385135,0.6987343117187031,-2.2214387929171964,0.05957022660639208,0.3697708565148601,0.24744174347562337,-2.757051703177295,0.42984199191718986,3.65646274722447,2021,10
2.248436254288629,-0.9943819055211374,-2.2711574892664887,0.006268786295274607,4.16136742615922,-2.63826449264347,3.366429429475002,0.675062643791787,1.354672931693138,1.2749567561881354,0.3327567541903236,-1.8307376184103652,0.5049605561492954,4.243095901793403,1.3691811224007742,0.4322095069505462,-0.17610701411018412,1.140342299001099,-0.5778126552837839,4.781032453717639,-1.1941386722796352,-0.3031777143789894,2.3475986607659665,5.893509726882299,2.8354821432960358,-0.1451905188597566,4.960815135424243,0.8100718230611673,-1.537780903957285,-3.5400801257897823,-1.7773035440761131,-0.03608171102485218,-1.7643549531539062,-1.5673157945462342,-1.2740528272878369,2.6455084599789083,-1.8288804016789046,-1.2593835484674203,-3.0090863008383035,-0.2800744207344927,-1.3266139979450522,-2.003816947148141,1.577135771820227,2021,11
-2.00599493446675,-3.150067681139568,-1.3132257282501723,-0.06588620943646313,1.7455170963192914,-0.47680892536427594,0.14254221537541598,-2.593821347419882,-2.9385990166671823,-2.5672176873954085,0.6739887136483592,-0.8658755668980956,1.0631739948009635,1.5027565244612304,1.0344187884183558,-0.6554530353228817,1.4744907314666444,-0.17089328119556838,-0.3849352384648272,-3.5428464600295193,0.27164529731791914,0.5046779470176572,0.12674058725114076,-0.5963335315005256,1.6885268158898987,2.4422012208321195,-0.6297262268744831,0.8141949920665503,1.3408401052354872,-1.7815837429553465,-2.051487314030783,2.0470299316395795,-2.5155822419310367,2.023726100547917,-0.3128468653299466,2.3795791114834217,-0.7941703778863961,-2.66738364720418,3.9328374170831712,-1.2882703949152992,-3.5887165913914005,1.9576215429952994,0.2713283518264164,2021,12
0.34973859124472956,-2.471547698629484,-0.21013320981419645,0.35257756450376754,6.722026419002262,-2.878070521684959,0.8723520952127818,1.8368386928832414,-2.717259020922771,-6.517116342992374,5.260936812038942,7.4763909952448095,-3.561686259696715,-1.5833717430776046,-6.5054145255834595,-3.3037549287578547,4.68642654061582,-2.8740248774889574,-4.22843234865141,1.6477023797060528,0.14070845989837177,-1.726791775201113,-2.3390371145525233,1.9281428583308604,-1.5289114577906138,-0.09009997866265626,0.4921896643357426,-1.5142047361361484,2.3692834110239134,-0.34691293622802666,-0.6596376882633179,-1.6040955273559125,0.8183495866443257,0.9727492808613578,1.1377469177149677,-1.6051386681705513,-0.6641310096835062,1.6252133580231374,1.5763021057125655,-0.1404907670859668,-1.562623717370797,-1.5255583598495857,-1.0692217771379287,2022,1
2.2095119589380285,-3.9815811411598414,-2.2558865630299563,0.08150377814373616,4.5180173754166475,-0.8594847578965306,3.60000031996232,2.1180968109430887,1.3363329637140267,0.573107086485478,-1.0596795299393595,2.4205077113125233,-0.11209562655939434,-8.615968525726739,4.924237268242276,1.9268363787988492,1.6891677126163622,-1.0451933191462695,0.3814476015121853,-0.5425519607647914,-2.2848622050376344,-1.449409747793046,3.6047074250291615,-2.0705585304051835,-2.2901982538194243,2.27232358716101,3.1089955458780127,2.349900985774291,-2.547215006872893,1.129107826734535,-0.4833960702999705,0.910695491939123,-0.335611318431491,-0.007285274328586331,0.27820960590307275,-0.054881232812923175,0.6702106862818087,-3.2023492455314555,-2.0290097056837193,2.7520102466694163,-2.0421744416618526,0.6210183963794024,-3.037898689584174,2022,2
-3.276031645323522,-4.578811507601997,-1.4613068293516178,0.0579768210068086,1.1704438151353769,0.5195006840522164,-1.2408940955946368,-0.5524835464600282,1.5568260933330726,-0.012053198535126196,0.8532033983220806,-1.016303478238138,0.6580449881355395,1.631132531693495,-2.0611778402840657,1.795248173547329,0.7607952673383588,0.22709521074636752,-0.40269377307614324,-2.838960608784107,0.5597979314440089,1.3353499232629662,-1.6192618966162495,0.09274724492691457,-0.17375321962600337,-0.2969803733419987,-0.9448183167834556,-0.7111178524209099,2.030699990085737,2.907457846281572,-1.4651808341267867,-1.0095872861869792,-0.7721271023802937,0.10068233142540636,0.11122070949700187,1.28072327495613,-1.4196045284309713,-0.6485631764634502,0.753302402400421,0.8221341759282076,1.3063285088330867,-0.6438166406982055,-1.7739886828252835,2022,3
-0.955609721399254,-0.8931132007456818,-1.433879605135011,-2.661991395969462,1.106769441036371,-0.5363618501371522,-0.32403233216203975,0.5949475563317305,0.4640302090626402,-1.045510575264549,1.664816746917892,1.390750588444706,-1.5809131005934696,0.16283992110362633,-0.30193953701765985,-2.7421604260534544,-0.12470253121186183,1.1427105938124265,0.9828222020869205,-0.9784478836130942,-0.0483703351048503,-1.5356751302821545,3.1393680485269795,1.1272767725098005,-1.536173791613328,-3.5497368248775913,1.7985083120608782,-0.47458874983182575,-0.46945280248473364,3.6879390100271245,-1.8232106784359008,0.3479710005218955,-0.04505313959373623,5.74085951823133,-0.12954270702475357,4.90702724810608,-0.5935076059464044,1.1656988178263867,-2.233956039843507,-0.4182704340671392,3.432443481041975,0.3151167127899885,3.36044270388859,2022,4
-1.26550121907569,-1.6150315320629263,-4.8686040361960785,-0.08092044102864968,3.3544221567482086,2.8352246811420443,-0.5526227184550274,0.8384805527182707,0.6531861405136135,1.2881983449313104,1.759383868333969,-0.9710315083149995,1.971233994047702,1.2087037673941592,1.143187670420293,-0.7960697920584991,-0.7976872195101795,3.3781440201811823,-1.2637324945396775,-0.6854589268976539,-2.4003711468080144,2.6006894556291136,1.0110674167745932,0.09619343394941292,0.04795922296940703,-1.1038794069546984,-0.29758905712539574,2.2065242121660056,-1.0564447089814963,1.611970404605121,0.07285277846014002,-1.616409755251575,-1.450403536674234,-1.0374064825197529,-0.5576917601903185,-4.333232599257182,0.12621708914643784,-3.42088057491985,0.5178336458715888,0.6181029090996885,-3.0112857901283108,-2.4622084175641943,0.08190379676985393,2022,5
-1.5101542707242432,-1.4320023425646338,-2.7286925466073293,1.2271865211824002,1.6519112606107615,2.533453580009315,-2.134371801614841,3.202157435215567,-2.238236193188495,0.7578580399701296,-1.5135627462797883,1.075997307826612,-1.880191765392506,0.45249907556355357,-0.6883422957506905,3.088091081293608,-1.0673337588634977,1.648429682863838,-2.062286868913135,-0.7279903399431662,0.2837410319121444,1.0919005495892067,-3.392767555050696,1.7625519469212665,-2.35313072007123,-0.9999128357174917,-1.5652053001219572,1.7645604974308489,-4.0147462218746774,-3.3311085999450936,4.262530232748515,0.1327435530280139,-0.99236188908593,1.6413050300552274,0.22852714926659684,-0.20330776240065987,-2.0784322811866165,-0.1439363878802282,3.7076603329630564,1.6974405889786068,-0.11566682350520978,4.1510279544136255,0.4961647678351897,2022,6
-4.182239458045397,-4.312927405208551,-0.21111452474210496,0.4112621615247395,0.5676526908401031,-0.27455315650942436,-2.7345279638251165,-0.4796079559428515,0.23724477409526704,-1.8329483359163328,1.2693558484957872,0.9288089432130108,0.1767665313287737,0.1758711703143288,-0.9534151377308009,-0.2903020132953627,-1.2601967560460792,0.32910194214246163,2.076657584738709,-0.8754517694282097,-1.565733819805189,-1.2750206771465518,0.6491953782924108,-1.9749906128199144,-1.1911273475324373,-1.283737619186029,-1.4210942695491424,0.9319928624522,-0.03318561317121342,0.9173692795990328,-1.884899503596446,-0.8149654012423463,-2.376283493833986,2.49942744363348,-1.2419860847909643,0.4875113696408504,-0.14798028556128542,-0.45087494273208767,1.528691621731402,-0.1766061186336278,1.406726836630286,-0.4007818673630656,-0.2695271120837699,2022,7
-3.1134042568019535,-5.376737483820201,0.6041379580138807,-0.7388640207940153,-0.6833625698198273,-0.6370812239798984,-0.24785185445895613,0.2848296420993318,1.687557797628821,-1.5559461560268784,-0.8528211497137036,0.4832706198637692,1.8287292063153533,-0.5571095044917038,-0.42364840396164755,1.4813004217519463,-2.5700453375373393,1.024118696665784,1.0352511693277433,-0.5186961193833097,0.5003187009191411,1.1985512861240464,-0.2724582615535208,-0.3152250423527367,0.3237883913724325,0.8004874656072811,1.4910839000529184,0.8692360743000948,-0.5125353044644144,0.797920977180677,1.0993969433992141,0.6033313484592592,0.38121554946834824,1.5092911558349562,-0.12928450521205434,0.8846387149095325,0.44010001428361234,-0.07249944471720574,1.9904963247981835,0.7121841302587659,-0.20290417500349736,1.800287294608443,-0.7511672796851364,2022,8
-1.7220725327911064,-3.842909937342113,-0.6775713722466506,-0.24699784966668284,-1.3110994396599926,0.0787725277635188,-1.355959912863284,1.2589170400620322,-0.784978151416112,-2.0161421330126097,1.9844441643970585,-1.8151892999126196,-1.2869441321155755,1.629038956010718,-2.157149370683745,1.250664468292926,0.06918998762907107,-0.45774503656614035,0.27706509534049084,0.7065935974045268,-1.9926223171371094,-1.1655463193041453,-2.0209626361474897,1.1922437795888317,-0.6756075211924456,-1.8617902273181008,-0.8609451564098275,0.2768426291956648,2.017867035683708,-3.500528116278298,0.3896185276290433,0.704336735526628,2.341322424236668,0.9293174350255873,-1.2007922631239194,1.8278048994895917,1.3191348861107073,-2.0183509386830982,1.0611338754540003,2.3147889631942316,-1.0322194618797564,-3.029091852324357,-1.8449256295662828,2022,9
-2.0604383816478387,-0.4783235803526328,-4.628007038779643,-0.44333517031622355,1.49633244078159,-0.7601504412319188,-1.9875312289886213,-0.3416629399643963,-0.9065128612911031,1.6821985360841043,1.7014812198888836,-1.8797177679282353,0.019368114176467135,0.3628399198574623,-1.4825799577860581,-0.5463977630265147,-0.27636598217016783,2.8001414789306756,0.68746765860556,-1.0412420215087244,-0.2640022027834411,-0.6432604511223087,-0.9974499380577193,1.3124088068980562,0.4831531470483595,1.4777521891985277,-0.01686754178369893,-1.2767631974088685,0.0480459818434733,0.34200079282946916,-1.9782933503455244,-0.7784554794691837,-0.80553219869866,0.5113138012906858,-0.7106532331163681,1.1042414747990066,1.2528583520998946,0.22778389415677638,-0.5012563735356441,-1.4177357936108348,-0.006449477487757304,0.10832862999902938,-3.194490441917802,2022,10
-3.4503145071774663,-1.2075736250056737,-3.8373019125118786,-0.8398424227630545,-0.6940212270003401,1.4160276055100995,-0.34145811080386657,0.898587678419386,0.5252834466539466,-0.5422870663227106,0.165863104231726,0.06908370446793408,2.1606288412296464,1.0156905724294396,0.5907097585287268,1.4983344093835451,-0.4444937966083313,0.4137057897602734,-0.4954508122770113,-1.7552047748724726,-1.421773888409162,0.6269169875678614,0.21771223847550186,0.04820501668042683,-3.0081184179479616,-3.2645235341621945,0.5426114131410384,0.5709102456940868,0.3453743896798342,0.14962377281582911,-0.15589065955132014,-1.343266916322451,-1.5128002580972775,-0.1772645323365447,0.32062261770409695,0.32790844311329753,-0.37062764463477454,0.6852124938515464,0.42560140129672613,-1.079122361129136,-0.7271340895630888,0.44714025343006286,-0.9047613072232951,2022,11
-3.2840379613828046,-1.6935280838136044,-2.0852691381497377,-2.3950746716361735,1.6564331356179198,0.8428089625708117,1.081691647227731,1.4232764988291926,0.5069585927537295,1.877593244360752,-1.426348970691638,-1.9085139655422036,1.0148279942898728,-0.6861504305177503,-0.76811292737555,0.40015192460244015,-0.044001199434651285,0.2996164422440683,1.305617584142559,0.9595254908344262,-0.7492173914826212,-1.6181301008213225,0.3731305333049855,0.7627451869387224,-0.05457076696306962,-1.4217539224343576,0.09646492421570738,-2.773777964674717,1.3371517220335412,0.6394638104827637,0.7430593397579,0.037614098440565034,-0.22909671413457128,2.081924290667995,-2.113572522818803,-0.8905265286981403,1.123952471157915,0.9200061781743396,2.9646470022117364,-0.8783082054567897,1.98133070456055,-0.01619088698472102,0.3844953223623239,2022,12
-2.6862441002584396,-1.5918609154246468,0.08872851543238383,-1.9689562882759843,3.104868956035817,-2.383603324451067,-2.377432566843641,1.6616042061267429,-0.11645322964968526,4.10251195791376,0.28059239287219184,0.1912927772130495,0.5315592300740632,-2.8326753929410704,1.285765319395129,1.862627271930715,1.6208311087951872,-3.6749343706319513,0.5159282444959339,6.345520427721073,-1.8327769589234408,1.3223937398366215,-2.6727803592434625,0.5857278514282795,-2.9059155177042113,4.1584628226997875,1.9903694821511246,-1.4445206141435476,-1.2104703220228177,0.1553349061189408,-1.8675795213901152,-1.8425435441732223,-2.732014797920759,0.7759467991298187,0.931544199459893,-3.5098829335675568,0.7626940102285968,-0.7955034755482477,2.463028979790373,-1.8041579121304991,3.64586521524139,-2.2480231357046603,1.6209200908177006,2023,1
-3.6158756058915285,0.5593046532873251,-2.54375802843014,1.1636472406813336,3.2600129471761097,0.5040998546185554,-2.2422654853554747,0.10913109737679937,2.2294895275054603,3.506603016870295,2.201569221576557,0.4883693889912133,-2.0096889619726546,1.1244084450974214,1.1286557974819658,1.5319043198175106,-0.5700796944398748,2.1814101011035874,-0.1242982028791958,-0.009041180420754696,-3.7804182144206755,0.3967614479344417,-1.3051688862213673,-1.017210875201107,-2.461344689534478,-2.96867266722282,2.1595996195651836,-1.8007623572846472,0.5243165456986667,-2.592112219253917,5.383328267554147,2.307447508000551,-1.8673281627401879,1.5497782674683283,0.8303865041506303,1.4268595010780134,-0.8956053839188914,3.9200735880255535,-3.8710111091612824,-0.597868567649438,-0.9913718767486318,-0.062130639912619114,-2.6735007463424414,2023,2
-8.753875851849656,-5.330226385741012,0.97982199866846,-1.2963865764238696,-1.4398574900909782,0.9988601183440636,-1.3071995232906635,-0.984259032051191,0.7789270373161398,0.31629321390019066,-0.2678221393758576,1.026668426564674,0.5735238117850421,0.856189232732781,-1.0941333502460022,0.5522404575690278,-1.456432546684971,-1.5542602010476927,0.411865344885908,-0.05105603326160467,0.06249876377300191,1.611269393146995,0.6631973656494932,0.33783383713667337,0.33472260138433796,0.06379074758182246,0.2550654811989727,-0.8299001500259561,-0.18463081054041292,0.3176814640671869,-0.3565728537647561,0.5154499739500567,-1.0479277462685284,-0.7888646160745189,-0.9916256344210774,-0.4151559445784286,-1.6476229918298873,0.40701647184294243,-0.3477015652199555,-0.2374509892635801,-0.47383563517843447,0.22655449617624593,-0.14417031536673436,2023,3
-7.023116608730385,-2.6621379380411803,0.039713653761952177,0.9559584453435411,-0.1661424006710138,-0.5095451915664905,2.3629260665266916,-0.8628718966448983,-1.7497743680347113,-0.2270632896570669,-0.4084994968397852,2.1471663664120215,-0.38522820832344773,0.7091625232685149,1.0446477329090036,-0.02747978007826212,-0.00751968829212236,1.6842452935462762,0.43233924721722305,0.6062393658687929,0.16055571903761848,0.8336132417827166,3.47459328288735,2.1202970539905484,-0.8105613167195784,1.3353525087421985,0.5303600871641324,-0.7026785610707731,2.3244956517649045,0.8713558270428269,-1.5874184578462132,-2.172344367572706,-0.20632708036785136,-1.8862418870990234,-0.942961242550627,-1.6239386375437899,-1.1496214358274204,2.159325595290657,-1.5232509793802478,-2.694340898935232,1.4953753476084157,0.9778324171343158,-0.7175390295903354,2023,4
-6.996149291009609,2.65942610033204,-4.146659727426114,-2.458765081861473,0.015257491036491419,1.9880940617554823,-2.033554297650121,0.3122320410041693,0.795933168369752,2.1364007440061403,-0.34815432231945165,-0.9698986559552951,-2.5034394862843223,-0.5016084495202167,0.2757883823448933,0.43363401741374574,3.0598063423815436,-0.9557985932167111,-0.8342058438540825,-2.270753420650916,-1.1045309687422802,3.1761487403998445,-0.4788995141552364,1.3643958048593943,1.638877650263874,-0.5063883311109479,-0.7833166628294801,-0.15184142297974448,1.6442639858005463,3.8267953931551957,0.7486573077253811,0.34712851353414875,0.4885609085640609,-4.312417383282024,3.534403691446,1.8773060502547387,1.2905304775531985,2.775628677551207,1.550853166476828,-0.12185285801744176,1.9552852760562767,1.0512765867574703,-2.636758528081148,2023,5
-7.023143656644023,2.268849104821468,-0.7479005097085003,-0.5436129604737386,1.2451683492326013,-0.32150116624728037,-1.196904854138932,0.3323336684739503,1.3161282615305152,0.0712337167667989,0.14612998245896888,-0.9494519043778591,-0.037431490386111155,3.069966129079352,-0.6379549671252599,1.9266235096919895,-1.1343774248866725,0.10664049074068051,-0.5957128157304798,-1.1204632829733152,0.7189615996620916,2.1856051291729726,-1.5359532666554556,0.18435384062248006,1.1180685018498258,-0.8633070385682354,-0.6815152677573835,-1.7161481302023776,-1.2606552935894737,-0.21270279622544655,2.0305804454269456,0.16886104835017593,-1.0341812428384505,0.8058820359623038,2.107836955023733,-1.675655937803078,-0.6847760607342265,0.14382070432634877,-1.446877319408119,-2.0043430518419676,-0.6911979694927964,1.0912026423327743,0.8246598764602805,2023,6
-7.1612575273691474,-0.8248118839476,-0.03398702171416178,-0.5250962725231706,3.7538865390046343,-0.9154978562494812,-0.4174070308002923,-1.586811291113614,0.8833693148115723,1.9789218722129218,-1.3363546472048526,-0.6162698690006706,-3.046605531288735,2.291234630845767,0.17913345298101763,-1.3715087010131306,2.2928671776948155,1.4227209717386633,0.17708797695647033,7.723659223410295,-1.230433205398387,-0.9419995291333675,0.6317750274686015,-0.38293053590515796,1.9742164988226165,-0.1823506231393734,-3.777081429127266,0.7234040917335444,2.022027041712301,5.112544823767431,0.7200064155060997,1.614992702530725,-3.198353040263468,-1.3093796120761243,1.7238343196750874,0.2554619958269886,0.9481920650499311,-0.5730455589057385,1.2995988614605765,6.0025522075998445,-0.17385366353776688,2.633643587136756,2.9916711089521573,2023,7
-11.492292550883473,-4.067952444687632,0.8217726390557231,0.1927924269559914,-1.0078231844082037,-0.6508101785116303,-0.5975048931455093,-2.3159508161261577,0.47592214252864024,0.5028729906287511,-0.2826069409139918,-0.022951197631884628,0.08699090703476321,0.5384196295732194,1.020611431355548,0.2456617778123846,-0.5945596302799316,0.8598027294088192,0.11812319690007059,-0.5381753745614359,-0.048485708614985926,0.4862928291322047,0.2666805798715605,-0.3123711857046396,0.4305238710941124,-0.3535546386611925,-0.5050294438206135,0.09979810311808414,-0.5065472348100657,-0.1094519596055625,-1.0106036674105003,0.556747532827842,1.1792131953999272,-0.5987262703199615,0.1431089974136303,-0.8302713881258609,-0.2148986928234765,-0.17843281454747864,0.6688560788015575,-0.1391988778744997,-0.8258766118850465,-0.4076575600768186,-0.7597013747210146,2023,8
-10.582060731246537,-2.7176205208890813,1.5442917741569782,0.13577508443731004,-2.4140669383764006,1.575674419486548,-2.196724057593559,0.06107922563414198,-0.9596150216408349,1.1705865810338278,-0.16929843350369153,0.20390967164645077,0.10298998124648297,0.661057547020805,0.4018689377096636,-0.03433230862265586,1.8278641848883952,-1.859273162708673,-0.5593060518150451,0.35243561429377335,1.6655859408550722,-1.279946902550711,-1.829384952023211,-0.18328591470719727,1.6875954757298173,0.35406640776607534,0.8327591271136009,-0.6026151070045537,-0.24608615064188283,-1.5957096102797936,0.5987725670178828,-0.2165346187888308,-0.10738477167694001,-0.14739155285008773,-0.1230991309223365,1.6906480695044293,0.9057798089440949,-0.05836819253354335,0.25376471266182415,-0.2516448133334168,0.8713594029163262,-0.5543554512077286,1.052111731057729,2023,9
-9.061613145200907,3.149381761143555,-1.4748168651986286,0.5281085519389582,-0.5898587011473052,0.5617830207850036,0.8744190320231319,1.8103135386396432,-0.47098092463456936,2.0233820106041773,1.2441840189959508,1.2712796825386576,-1.6841197174255718,-1.1555992343878563,0.0004998994905905095,0.7062919644318336,3.0319224491146093,-0.15110037495535203,-2.7263027509216546,-4.102044712267061,-0.39389972329459205,1.3568778376113328,-1.1772164807494812,-0.552034246237571,3.687820511584008,1.0675946657243345,0.4195925251167054,-0.9410854865699773,0.6013111217485921,0.1635684640857402,-0.9060544005182145,-0.8552171430497942,0.4228916098902732,-2.887608668501613,0.5840102758463238,1.9663717234168065,0.9981239004343723,0.32702257314973304,-0.30956994313035974,0.039779320620086815,-0.5810686159445989,-2.1586507866143796,1.1009361420564738,2023,10
-10.515940839744646,2.9651294271171755,0.5798548105523009,1.0145131564831096,0.6006841452312767,-0.8843433653004494,0.23018731218265986,0.11178130564811162,-1.5720124373807778,0.26536776058694594,0.10258341776232302,-0.504053977478581,-0.3929369339229804,-1.1838863171570833,2.0153405052133726,-1.4658052888661022,-1.3283754834157957,1.7414607878355088,-1.251328464613617,0.658675998226675,-0.08361516899771539,0.4522340627368211,0.2740490822706924,-0.358659690605054,-0.3107449848429028,0.7151026368188448,-0.3287815446661512,1.7574572079818511,1.59277791661488,-1.5520930015585557,-0.9522334801019264,-1.0452129062168396,0.24836328528411217,0.9332732018519047,-0.8255807987916265,-0.23134477108643986,-0.5618234359495061,-0.6674143804238446,-1.3024936898592427,-0.4111631920743608,-0.15943308891537508,1.3490708572609713,0.6519032236430699,2023,11
-13.559310190118909,-0.86761040071927,1.6024750980939548,0.3717165646504458,-1.7803065189095226,1.204556606880036,1.5988293095075141,-0.2985317892039829,0.5797696671911072,-0.12349194458689582,-1.126040334520827,0.3123907172505723,-0.0061070000291991835,0.21842651316327796,1.2068385988277082,-0.16870452152605486,-0.3159938168575653,-0.3100104592213619,0.7948225418677158,0.04282605686029789,0.7593005855378538,0.4968231453557964,0.5388284437589632,-0.456336684191327,0.2011822223806401,-0.9126054729088912,-0.11847106409179091,-1.1065239793280999,-0.48945107998865744,-0.5399991237665861,-0.1495946485902299,-1.3211875588859519,1.8598902637940575,-0.01241626957779712,-1.4251216580775192,-0.9175173854857059,-0.06254278607775617,1.0781879783903727,-1.2056730068925618,0.306563018436362,0.25392049114271786,-1.4302589154233258,0.7987940697536503,2023,12
-11.29429465114888,0.439032268100246,4.493288819587604,-0.19167213628382135,0.33069055707195,-1.6533149908290956,1.4899498834936613,-0.6201550145503223,-0.9350354120852117,-0.15784676808835096,0.24957407067265852,-0.6905890350632022,0.11859342653413792,-0.20830479571313915,1.1444707287201272,-1.9564177258446658,-0.9512305181918431,0.4952243412944103,0.4912618779062831,0.591562548599901,-0.4779440488094675,0.9798305409672399,-0.3075477878173042,-1.0083991214954078,-1.063319945597655,-0.9544122190356711,0.5935615570372151,-0.6851720648739509,0.05482647138284915,-1.188869842600553,-0.3219804024503082,0.7102253595136665,-0.8633585801917022,-1.2356696889418892,0.9266781489951926,0.425391640845884,0.428506291736664,0.7718677507866861,1.2480988589481339,2.8526825696237763,-1.878758515680552,-0.0702727294828963,-0.32285354826032864,2024,1
-9.935165307529756,6.562332508040993,-1.0000692051213087,0.41090136535960475,-0.30018297372270203,1.0190061209962018,0.8572756078616932,1.3241460023844176,-1.8015904273566592,0.29752088964818485,0.40552472090727193,0.49587569863686237,-0.4839451410713804,-1.40170559890016,0.6044158264033207,-0.8371652917616049,-1.3502527482199818,1.5104731419514987,-1.2044265608222773,-0.6956206600807224,0.4700057904935432,0.029782975615600473,1.7852845503623245,1.6497842545240402,-1.898132528734129,-0.4858241069031951,0.12069922032146332,0.3337989601364961,0.3844847929145256,-0.19973798179154148,1.4939330173531609,-1.2677623358576084,0.16467354149772723,-0.8385424947725397,-0.5005090928653605,0.529798582959227,-1.2268216505622198,-1.9801134641471076,0.36750651120631006,-0.36805493526038047,-0.2665131510493456,1.4038026679725084,-0.629439493421446,2024,2
-15.621253751409117,1.0392857735856378,2.917312007509834,0.6020108267495574,-1.5163982104429707,-0.1667639688314135,0.2524872423209268,-0.03381857786886395,-0.9373670265817221,-0.1333597223732112,-0.4294966868083947,0.26941238351911356,1.39685856314673,-0.43649210914778325,-0.26397560181264534,0.19082022355892694,0.47522530442006955,-1.0656028271789126,0.650777936463975,-0.6630898555388683,0.9326484491112881,-0.19253804649338968,0.8769015873839956,-0.6419541061367188,-1.977010156495239,0.17598484440458956,0.7342756050965996,-0.842311973808653,0.3740574843303815,-0.2727828962908628,0.5748295487201377,-0.10905900252348004,0.7875942976465342,-0.6699192752966718,-1.4811051537403852,-0.772142710049246,0.1699271600563529,0.6445307654718455,0.3928744663951301,-0.08634025371120047,-0.19197423547749812,-0.9229157164515068,1.004575578498566,2024,3
-13.719678714843361,0.8848007046268783,2.2925370303764554,-0.6493183906187172,-1.7740994622727015,0.5743093156541181,-0.04940953572634929,0.442023440374444,-0.3348546189810846,0.1804210245612578,0.11603574475567698,0.777391194949415,0.8377489747095737,-1.3498011836063049,-0.6279970955837978,0.6097068315298106,-0.4706327901175627,-1.322809082497701,-0.05128830717629204,-1.2850423261586776,-0.10434905900461258,0.31618058520435893,-0.8636077394414566,-1.0863003830961595,0.820359715957739,1.011804766221571,-0.07375683324978881,0.24798432617697355,-0.5142737942305056,0.06071877556941418,-0.14608420546430181,-0.24143206461034664,0.3984331275603637,-0.9172886243979356,0.4041023220226342,0.4188930026321602,-0.4029630296553935,-0.8446697705623724,-0.7943532518653588,0.12154556643441371,-0.37101698607812666,-0.8245561238231217,-0.055429283730410756,2024,4
-13.044857592477658,2.8317061994813835,3.4107967575282894,1.1943985215247674,-0.5206729667976221,-0.3456657436872287,2.2265079456696704,0.2502457395056883,-0.9044141326468857,-1.4078502736388852,-0.668903515635432,-0.3873428809362951,0.29821095592184893,-0.6901158104411395,2.7329840220310553,-0.4487961147786661,0.5155083535213755,-0.1856240059872163,0.6819128091452796,0.16174600672042816,0.2692918623819505,-0.4007144751641773,0.6735003248896639,0.02678018044930327,-0.3616020323087742,-0.3781605335640093,0.3781570743179542,1.461815364127413,-0.32464239527127847,0.10312345734749044,-0.32830695614660216,2.551731978695091,0.08026336693200481,0.4549648290757765,1.8183700825693963,0.6213607453188517,-0.4965665701842764,-0.09582618233037545,0.23732368343920723,-0.6336722539098681,-0.12432374450636512,-1.2879745201697332,-0.12140944298620275,2024,5
-13.874022953658345,6.018066615455073,0.3377839106704191,-0.3337555706615935,-0.939163978033176,-0.8349258278592165,0.5491767658140722,0.41851179198112165,0.6802648439975412,0.2282048724530411,-0.4598445836583377,-0.7839467186378594,0.11551749893591357,0.3036141963244081,-0.9055788909881657,0.1788395627772884,0.029172595927808513,1.1033859513712525,-1.8134973755125416,-1.3505697083889456,-0.7134617878252572,-0.6601917984160328,-0.5779355116488154,-0.07708936890708472,-0.04519335366473942,0.6961833899837775,-0.45601976429186525,-0.2854048225229914,-1.773713382769654,0.4085919208961958,-0.7157070019045256,1.8018736278329839,0.7996428195220522,0.5027359549549238,-0.46016774342089795,0.2738950936188986,0.976931668092054,0.1790081610463797,-0.07623059208725597,-0.16281773096880756,1.3350419233047053,-0.3478456226397474,-0.1498566342589743,2024,6
-15.02017352235555,3.3599891576457095,3.0016335373906653,1.1642943916610333,-0.9951548033308264,0.13153652943698962,0.433598109540846,0.39897051168526076,-0.6189270494965641,-1.446131818465994,-0.7529815093094536,0.17806908056241494,0.48499059474229606,-0.9613576522888537,2.165530302107581,-0.7792508613997656,-0.05272298960191032,0.5017844818189955,1.1291659782742143,-0.23266666990086055,0.46649644964280323,-0.6842616553106043,0.4481966397379956,-0.2067596648293686,-0.42184280430944504,-0.6076685600494344,0.037568564656328386,0.8471807455734356,-0.6387009722436731,-0.5034571684926262,-1.1820586157789796,0.09849439597201913,0.32443651860548883,-0.05979136952908449,0.14651515580849633,0.3892498546858385,-1.576077842729195,0.5548639218713678,-0.006081613343899592,1.1544893843215258,1.6332409953433624,-1.4845751418070345,1.780806054181286,2024,7
-14.619907640732828,1.612757396494666,2.67366174355234,0.1755098071368358,-1.879925611419855,0.5376698863868536,0.6375330952854554,-0.30052884328238283,-0.3944239407033114,-0.567611473121651,-0.23922807044416647,0.7228096454830211,-0.06825965305249372,-0.5941105504908573,-0.17130551686753237,0.5617027184958997,0.0891307217827898,0.4612783186028834,-0.8627653425559382,-0.22247594706910628,-0.646509298803518,-1.381677729227322,-0.43929817883079597,-0.15761194554136448,-0.3967876673438373,-0.10941427285702937,0.543827803817271,0.9899383937900343,-0.5719627714329778,-0.894595262306512,0.5423264792923844,1.2072648572492406,0.8645330772114199,1.3533212999607531,-0.24162371572710722,-0.09916873350934445,0.024453086966821594,0.026842892275648973,0.7384134191295777,0.14709416537145975,0.5372335202689971,-0.9326762235435478,-1.3682741941049648,2024,8
-15.658993878856547,2.645236056545418,3.4555610085695587,0.2688991212225403,-0.17269449211105298,-0.7734083664611435,-0.4392142029586467,-0.8244023212073721,1.4824370885732694,0.2639944902974669,-0.16002489912235862,0.6133865328029734,0.4014976611129263,-0.10908834740874782,0.1605285700303378,0.8758237679517472,-0.3438738883127601,-0.2575202374888944,0.8030243072181562,-0.21604291539539272,0.12076870403216437,-0.20264159444258711,1.19710989144705,-1.5735800921906433,0.001016004492683596,0.15156258091406372,0.16979816121084554,0.686321504999982,-0.41357190472517236,-0.8181850643279454,1.2742050912571294,0.5570509628917332,0.7290282044324086,0.4907330353657339,-0.4068962589177566,-0.4654360354685141,-1.6985870165968162,-0.6288606557426587,0.25458181196776897,0.4541850234333886,0.76646522648839,-1.707311325301952,0.34106357467213977,2024,9
-14.528664436738037,7.395239171847969,1.0356565885565034,0.7056008272629704,-1.5364037333044018,-1.169716689383751,0.7083610997995617,-0.4803320209038237,0.913652308139104,-0.4393388089980747,0.7052358299845922,-0.40444205259942184,0.004800570657891808,-0.5638907283001529,-0.9420728841656489,-1.5026698446513578,0.7294011208541628,-1.1745124165722851,-1.097137875872941,0.16239647095820378,-0.32016338281933615,0.38098455572645473,0.8937569121124431,-1.0700111462809658,1.3532076433068767,1.240913589239021,-2.4392721698727087,-0.2845153820482634,-0.06464110112298885,1.7029097334703562,-1.1017576040316752,2.4224646035009214,1.55566486674986,0.03810073418732465,0.2345488361095176,-1.5320576881194767,0.7862030155428127,-0.6090779908641966,-0.8382621422419986,1.040402572436148,-0.1569045040212105,0.5228572989236536,-2.3381467163065053,2024,10
-11.29557180762158,9.811475490808148,5.712714010018377,2.801270826133331,2.2371134224723117,-1.154543300422321,0.9824341115587613,0.8022261218067265,1.7193821845258734,-0.5975658720926238,2.9018470970476686,-2.0275807755995037,-0.6962713941504514,0.17849553315933955,-2.0347434149268357,-0.4308052197065262,-1.8527843978783487,-0.1740662390020322,2.027459387087495,3.123255871732902,2.87529672923182,-2.329955495777757,-1.5687788585290254,2.486815812125941,0.1874939553260998,1.600215005507059,0.9728714862321995,-1.0329869171774644,0.8360400365420534,0.3530554764072246,1.5491926371041165,-3.7829144988478665,-1.6944360866263455,2.2143226118611286,-2.8071521666650225,0.06694050861890055,2.5099582851338047,-0.45907628097606656,-0.5519734674658324,-1.7067386228360641,-3.0552800386928,3.3265593567103475,-0.6112817840043744,2024,11
