PC1,PC2,PC3,PC4,PC5,PC6,PC7,PC8,PC9,PC10,PC11,PC12,PC13,PC14,PC15,PC16,PC17,PC18,PC19,PC20,PC21,PC22,PC23,PC24,PC25,PC26,PC27,PC28,PC29,PC30,PC31,PC32,PC33,PC34,PC35,PC36,PC37,year,month
12.079157855721233,8.766654011169987,-9.319136590263682,-13.52802308277289,11.072770470690067,1.5176101975810021,4.042500614542291,2.96032891714272,2.3792060616277473,2.7288687706475727,-1.658314178677738,-0.6414600967147216,-2.2645588311418074,-1.3003843484617525,-0.9262443841451401,-0.17986604594257866,1.7300196448033844,1.4378387787242406,-2.3002164585000773,-3.874070048866528,0.42264315673099956,2.2823847460383453,0.7381862309835956,-0.797519002704694,1.80354438448532,-0.9734382872987574,-0.7326078106345908,1.8110400590011597,-0.4365164508526547,-0.5110283164254935,-0.6561031946507154,0.9385936877524274,1.2049789807681384,0.8952980530644485,-0.34983298005144114,0.3228208324516194,0.9315669838548627,2018,1
12.495330426982184,5.864213827133616,-7.689289565429878,-0.09596316823277179,-0.02682901214818507,-4.549439483666467,3.5354080190686354,-5.812556120030246,-6.116194481274749,-4.92273591951191,1.2462666483635776,1.7618267901035827,-2.29621478300685,5.816749344471418,-1.7156291900014613,-1.583474007590285,-0.4283724563317671,-4.6292812414417,1.943707219678089,-1.1369345555502186,-5.470860789994447,-1.2286426793908352,-0.4163306277301814,-2.6197802559392867,-0.5286476744640193,1.9649076601580326,-0.07804280196962972,0.9964929415669135,0.7349785563543981,2.0145115732399255,-2.6093965407627278,1.997454629938554,0.8534091700791451,0.3279086024177411,-2.4474362745934735,0.8953625451026526,1.1824252410856553,2018,2
13.059917407490298,5.256596628880385,-0.6876969491976537,2.0318791039764696,-5.194237002225673,14.127661567759041,5.232334260660689,6.509585233679319,-2.489698484377927,2.533506060596058,5.223850289141369,-0.8698118133622754,-0.4285489584171038,2.7296319536039637,-1.2101521269747664,0.41364539135503153,-1.6516461512693998,0.6701749466782967,-0.615354520931595,-1.7915930360473427,-1.4531517874148838,-1.4812210576308453,-0.5579476450667736,-0.5103373832587311,-0.05670607856355543,0.2214164130774122,-1.0187692951167948,-1.3305208729034936,0.15565977039211779,2.0624758355238235,0.35446596279461584,-0.7120071473502544,-2.696834321862909,-1.4209565671982733,0.6860370358471907,1.0588636645422151,-0.1636897331966443,2018,3
10.8237433486219,5.567737020976286,-1.4665234870720742,2.272760351367711,5.8167220568435996,-1.1744054971439755,-3.540791533801362,-0.4343876547441505,2.876471061992378,2.453629431525309,-1.7517635565997423,1.3787399802862952,-0.6871429526916211,1.7984048649303472,-0.7753846959949093,2.0747055500133595,0.11748916511888574,-1.3894200575618618,1.3774726237440502,3.522884802152069,-2.243883758430961,-4.585617073838577,0.6952549890715055,3.2938556881764978,-0.39400845984291544,2.1735333851122123,-1.3098718520908705,-2.340544691141091,2.880414324678507,2.3397691746809417,0.2688141854829336,-1.2060638099144678,0.8807047963748977,2.8571457981847823,3.495882038683511,-0.06079194279098913,-0.9305832077379687,2018,4
12.935538445473265,5.231282677780357,3.892666148987489,0.5397673305610696,-2.893130786351636,0.09613368119655058,-4.116955819953936,-0.65943383962352,4.2385374391625446,0.03252236614107454,-0.47203904344626607,-1.7086081176628194,-1.4390666396645966,-0.10735522238100116,-4.146005853005061,0.34162214428818793,-2.1684464468910782,2.2210372148919793,2.6720708669135638,-0.8712845277288755,-2.3000723264199485,-0.26060918375400915,3.2138349042500165,-1.310865717159185,3.469857671728558,-0.20878892843847832,2.5990467609906216,-0.6356991080642836,-2.525123516617996,0.680693245529182,0.20739971768045398,-1.9675538235431087,3.272830428325791,-1.9646524962697332,-1.5364575574192298,2.074341965983108,-0.05230032171258369,2018,5
12.923326857288584,7.296050675748485,0.8433658906702193,-1.5252604321946994,-1.0573811904528432,-4.561113823418899,7.390276335795541,2.271460938846807,2.7613586925919513,-4.945974530465727,2.7982421674156166,-3.513217423429788,-1.8047343357294046,-0.10007616331431991,-5.097464020927816,-1.035757546575608,0.21942063325373778,-3.1872865744952996,1.3801950120823807,5.787092439717789,1.3730150197756306,2.0909333008410664,-1.6934072862532126,1.980132889222648,-0.7993878264486799,-0.400847512638165,-1.2534375410487995,-2.0428210871317343,2.4330420916046607,-0.5085060557007604,1.0272844328649315,-2.4349038012936766,-1.1962835893934631,-0.9512821742463368,2.1732429610799207,-2.0897073846501,-0.5980260842634136,2018,6
11.80776388504557,6.112529570488828,-2.8349347982636206,7.324320549073249,-1.3768529474821294,-1.8982201839838202,-0.3554095052621617,2.9171295126240437,-1.0670310313486584,-2.3619447708142394,-3.317345459480997,2.6524919389040718,-3.3979644216889873,-5.092136580081129,0.6498621983430124,-0.18463852979149392,3.6681030420224983,0.6506303735396196,2.387072567109389,-2.245585345381551,-2.5495415306702456,1.3989361530720936,-1.6454539680826035,4.6563851988394624,0.8931188029640437,0.9373360095930124,-0.0956703061570488,-0.06480317014295603,0.5902899343428611,-0.6222182907478456,-1.2541237413093975,1.8553166989235483,-0.27582285149146823,-1.0346829910190887,-1.169580513674919,-0.2745361713231974,2.0356882302796633,2018,7
12.648781316695565,6.816785777513396,0.07623604850271673,2.7161042014496726,0.4567609441439141,-1.1378385990330584,-0.34066080958682904,2.63559622265146,0.5672016316619652,-4.843311714971137,1.7834901941392072,4.26319972137901,-0.7272245086270335,-2.765191932154664,6.28100073810462,-0.32336112094695835,0.17485858580327632,-2.176817049548557,-2.027575693610156,1.344845053744133,2.4211172986247416,2.3554874911285006,-0.5055243860991331,-2.2215644340565084,0.8454561512979369,-4.302105440374506,2.160413196727832,-3.151342296743195,-0.0441483391840658,0.84974836028451,0.5884115702368435,2.245693616182171,-1.2127637279994372,0.5127085885661622,-1.3045834956964963,1.4384183072687462,-1.1302365952376134,2018,8
12.52507013122146,9.481014153039684,5.027051032239412,-1.5222195659304139,2.7420656231229765,-0.6914226916325462,-5.247025263949929,1.6675559063537646,1.0671330115671966,3.2843467739392604,1.2254943916365661,-4.451458584358872,0.49435401827603187,-2.273099634152904,-0.054500060767578525,-2.451233641646165,2.4646738022241936,-2.535617087687975,-0.8407952471903946,1.2060619181401087,0.7824659658934221,-3.521106961808041,-5.838680746406005,-1.3829313504847598,-2.8855364713575558,0.8391348617628991,0.9876060287261483,-2.919384407327226,-1.9139887913628202,0.6390145275392227,0.30448964346365726,1.8534371837238304,0.0528705528047233,0.7924695480681526,-0.9985006698362987,-0.4238914848236421,0.792149713246793,2018,9
11.593992900383576,4.6695108210692045,-0.1069717699671742,1.39490794121945,-2.5022913088966647,0.737891502159803,-1.1957615283679883,-0.8272866219419525,-3.0171500825666735,0.419688598293453,2.3480793886205293,0.5786214994648446,2.277255845922404,-0.7931682019960474,0.13193853218926074,-4.776609126107045,5.606879950064411,0.9632057780759182,0.7683840804772115,-2.9836568589091073,-2.7112837649561685,1.249548637902925,0.8022149410933759,-0.6283656265234429,-2.34304618109596,-1.76061288400058,-1.0571186959879106,0.7573816584609121,-2.4361419459072624,-2.9727978241247506,2.840666907924556,-0.1489530926978437,0.3793147483890296,-0.4606994840532776,1.955264457273383,0.7166621404730369,-0.2583557206067737,2018,10
9.72645616232112,3.823730184200548,-0.10994646004582495,3.0801888388243457,-3.5805722925572865,-1.6817930990685888,2.5387927763054954,1.9021416206224142,0.5265140294212952,-2.238505165689536,-2.1296493582996145,0.6764507617936271,-2.0016140744479705,2.227764918130535,0.3352262372585439,0.10836695813075195,-2.9208055445788417,0.17876266353488438,-0.5603946613298137,-3.836106078203311,3.814653590264965,-1.236870102286114,0.5256105422676803,1.7775901592641008,1.5728520103978751,1.2635787871316473,2.8133658373748633,-1.717572589731781,-3.4854027601251802,-0.7770837202210009,0.3645199298741217,-0.8086196616525265,4.344595360870603,0.8096870649778749,0.6428423575549597,-1.8110489497933542,-1.3994691381738473,2018,11
9.27026354559576,1.655473388977499,-4.284847026734438,5.960777516364092,1.762617436195719,-0.1615835261046707,1.1616615589559975,-6.03668641380237,4.492183616718248,5.3881866957929265,1.9481695236577026,4.078004161559839,-3.1390746209126434,2.299865030948905,1.2540654580764943,-3.928584545514952,-2.0301466530571988,4.212420483567554,-3.3588550243173367,0.5827603863063363,-0.4828203350121247,3.775771730876096,-0.6972607385033276,2.0148360651387462,-0.2005723007129832,-2.2405887095048262,0.26868777078436384,0.7440935235629882,1.3885789030610594,0.8141653742227043,0.5425943666182804,-1.1571071009760703,2.142311128395959,-1.8779892936736184,0.589687697946274,0.8193712390565131,-0.6991017168216731,2018,12
6.87212660734909,2.628515978623217,-9.887830858133436,-1.0814979429715887,-5.939609820022669,-3.2149652194847516,4.169485684133383,-1.9322454078517757,-6.579495627671126,10.70533794946886,-2.79661924154858,1.9035760298397486,3.3351543104867867,-1.2121828749797179,-0.6229348794738668,2.608219436000534,-0.5751960888065086,-2.347342325056259,1.1914622097633025,3.94034864588095,2.278628498929516,1.5836126502219983,-0.0677924606264808,-0.3533682547775372,2.914085692481544,-1.0373663788509022,-0.06943779139643316,-1.2211466825582533,-2.06384731946211,1.5858712470236724,1.1269832607289738,0.7292879189213142,-0.7619858247605295,-1.1383736685214916,0.29078887856881974,-1.1997391043620815,0.6400883850340496,2019,1
10.827723872129777,3.7220682499266755,-3.8441529967344996,0.3051591459886474,-5.071415948465968,3.546240846427911,1.5966622165036408,-5.3427617769532025,8.207377847753262,-1.3791184201960625,-5.5915484414172,-2.0612587760397036,-0.962972237506503,1.4690831658642671,5.5217208386881325,0.5167312612251193,0.09913025753637124,-2.2665540586434423,-1.3746197500466897,3.4429699856601905,0.3390119375623714,-1.660546949106709,-0.8717643288766245,-0.10052941582302014,0.9288117070736667,0.938164958075111,-2.1701669008243782,4.602971846267255,-1.9323966146828153,-2.1770617391887384,-1.4491064655922317,-0.33679316728886255,-2.303829805373593,-0.35511399256630294,0.030015828090753736,1.5297585809958185,-1.0401426229318556,2019,2
9.522145533814712,1.9807490010099862,-4.246980565463314,1.6346714090913708,-1.2777015935385418,-0.40725522044919504,-2.8575115277506438,4.245229184189172,3.522489479025125,2.5470655411830956,1.9911327055055157,1.2539018608881731,0.009937279193021882,-2.8581660967291,0.39917955598061916,-5.759557831988794,-2.2902749739568002,-1.141058419865484,3.674295555055082,-0.0573918400774789,0.22241262823793972,-0.17114604310168927,2.789035856094208,-2.152252343603713,0.07248196927239388,1.6883045020967347,2.201741458059322,5.4833333881810455,-0.15624502772782464,0.6938653009529303,-1.7847034097520993,0.8901753728204432,-1.8935158588937742,3.0543492525444123,1.1112216092253933,-2.792397249556018,-0.7552058114815842,2019,3
8.361000888790638,0.9221887045334629,-0.8745275026416585,0.927591926766117,0.5821282796325722,1.370674118049019,-0.32428843047544625,-0.030134592771031286,0.7460710200961261,-0.8173867931979191,0.5584539190180485,0.6937706941289358,1.4519542806251247,0.09348628552422782,-1.0545657110426851,-0.20699606633524426,2.4397928389470107,-0.34478286639279065,-1.292946370887303,-2.348019892335727,4.3918550168184005,0.19081659851929805,0.3381133104014908,1.38093289916107,1.0312431806959013,1.6580600137339192,-0.7934232350359081,-1.4668023692265677,-2.115529190998391,0.9322774963279391,-2.0901025962750506,-0.008055223918790117,0.37918949538541924,0.6816967898577685,1.0633391703842483,2.3370838082107386,-0.7980504460669835,2019,4
10.655202292979032,2.940738573390979,-4.03831936363047,-0.9826384805090134,0.7253373373200598,2.331292594852249,-3.7504417232843235,-2.778329315836547,-1.388005561422047,-1.429109075474936,5.305269470236418,0.7845491563555206,0.37665126061381254,1.6760614603709005,6.073740148508875,2.271889517957283,1.4441466664648357,2.5507342212937463,3.1752459287136077,-0.17183516631743623,3.9250937452777923,-2.177573346660998,1.0739870408087313,-1.1442271193505722,-1.283065083931167,1.5408483168811922,-3.725728322024112,0.061656786040826785,1.2058024947293329,1.3178240649119695,0.9025295632342516,-1.5496560488150029,0.32646512158930047,0.03283003132027807,-4.325440521691994,-3.5026987338343636,0.1968217968052046,2019,5
9.0329048377554,0.8218565682309519,7.097714508311021,0.10985886835345157,5.338607442969478,-3.335473721817358,3.792652478841099,-2.2200529330808,1.6851257547875944,-0.3314839601507799,-0.21111514580702148,0.9962488091184865,-3.079302461713225,0.5761902332911275,1.8113203492277241,2.6143486226362285,-1.1291120107413322,3.2418535429330237,1.7227633426418487,-2.7678811228665543,-0.6222607130967536,-2.4668791469258498,-1.0882786384552687,-2.2887870365518133,0.2790873897464075,0.741975870246803,0.8254539083363345,-0.6971681518270834,-1.3492766292094793,-0.6825051399392845,4.883055337174674,-0.8942320118782655,-4.498452573861406,-2.6028739954980544,-0.2144509031798627,-0.223003975869017,-1.7662610363156674,2019,6
7.748233124040106,2.282543074925346,-0.7747862478341123,1.6003185192603429,1.318399453252804,-1.4554302515489548,1.2486217832879252,-0.8117500675581424,-2.523163774772782,2.0053237770853456,-0.28424344791150885,-4.840067668636204,-1.116131409725711,-4.3201890288990965,2.2553052789188555,0.9183785429235921,-3.9125106407814023,-0.638102239127067,-3.3268257548258053,1.5938809713388167,-3.4579651265589306,-2.9959325545430686,6.435412778337467,0.5417610803571405,-1.3031490377104613,-0.3304020228083228,0.10751315390106578,-2.3259187128612298,-0.9873765581185326,-2.506506181503905,0.5518467515369082,-3.023001744411457,-0.9081526486100733,1.5401062420910456,-1.8970576963537924,1.255542241202288,1.2808960260486524,2019,7
9.022388844518463,1.3102481656881633,2.9865175367475234,1.3455047633151138,2.3612833382183624,-0.2956824806971811,-7.252848055729648,0.5150195621445012,1.2945034720461037,-0.45193463823137936,-1.0570348425553002,1.7808798789720757,3.313800872146739,2.125417676770361,-1.3880419572780391,0.32065498645642343,-0.6464081679730717,-0.9167779646254057,-5.575659512232522,0.5259975492225041,-1.242970363264113,1.4921174565244693,1.8348981004357006,-0.604958560334927,4.754675004490241,-1.6008634266452038,-1.8576743039576507,-0.876330735005353,1.9375657343993273,1.5298280703372664,-0.11679841632412465,1.151584603119813,-1.5213638374008216,-2.5440757096659055,1.466818276726803,-4.2767645050536,1.0888791232941573,2019,8
8.100408898636456,-0.1927136994448954,5.254103039459556,2.8801774965906,2.1056738183988934,-3.1559689170196936,0.4718008472074648,0.568480140769323,-4.037364903588977,2.7853280625079386,-0.4695973122831184,-2.7097225108788296,1.5489646423348669,-0.6846643484707654,0.5329224031461589,-1.031391567254989,-1.3316551323267616,4.036386840216073,-1.3440223363082366,-0.388277408394969,0.766308351072431,3.3724749392297513,0.03980986046016814,-0.49399328753224,1.2285322050107583,7.332251847632436,-3.912021305342121,-1.3503400576793976,0.22027396454943377,-1.8442262156289297,-2.3137708514794584,2.335194915899146,-0.9562445272254256,-0.4166577388126708,-0.5094110040794562,1.5201973807051041,-0.6757541101829196,2019,9
7.503062922003293,1.6632529240713008,4.774981363769794,0.48053243090888226,1.6505654467530595,1.9565741359498234,-3.6914007448872366,-1.5294934560451083,0.8091664603190007,3.5444953553748486,-2.7945154267250327,2.435844677479171,-1.088460443507529,2.751528076312025,-4.337230433861822,2.137512389531549,-0.42109369804867236,-1.0354960822465513,6.393019352765264,-1.6496976794462928,2.0147702081677723,3.8812385226916177,2.3307014335770053,0.19376148084587355,-5.639863515295927,-2.7483664152421006,-1.9011914786921371,-0.8282350305176871,0.2420899642149254,-3.1823625704042984,-1.461282057540943,-1.0199806485713871,-1.1763719143730615,-0.49198582396067325,-0.47140680877902214,-0.9968970286142417,1.118703404427792,2019,10
8.106336328306815,-0.41814566721841095,-1.1135238444689957,-0.025972591827921734,-3.787463941299094,-8.297869662787274,0.820096457915889,7.393626322046795,2.954345240298557,2.892516924972318,1.0360795856823861,-4.318284935719977,5.031708377163892,4.369610963134235,2.8709778087153146,6.454464263713447,1.9790046618504897,0.3395602715823621,-0.43203700287684726,-3.0249575128991215,-0.39551261531547116,1.9855521079169485,1.5647609878666702,1.7126086997402803,-2.5599560341814103,0.243377390018413,1.6761887662767505,3.260415674622579,1.3530361293234807,1.874564840675318,1.9113378550172229,-0.06685679376129272,0.7124405762535566,-0.6531652029148454,-0.7032354970554194,1.000540265289325,-0.18115792210535944,2019,11
6.331352709333409,-0.549181998480288,-2.2578597853485824,-1.2255717392519594,1.6385036194956424,4.427084976298238,0.6611793932488912,-2.09403229649122,-2.110635387105899,-3.4248233645698547,-5.600902768155983,-3.3497655262942847,6.836674127966349,-0.9524142443705643,0.7488318369462734,-4.486688652905733,2.673559294702227,1.2321477281691535,4.502958312173158,0.732071395100277,1.4628392102661574,-0.6232153694881969,-0.28912121675851954,1.7897066964942685,2.6127989579890163,1.2988291838271064,0.49825131726906485,0.03129091733787084,0.20601378754151775,-0.04817835747757413,2.55615239420271,-1.5474649623985883,1.6732385661508673,-1.0449912887611603,1.1098672754014431,-1.0389871183804722,-1.7031274983299882,2019,12
7.3633673763109435,0.7492481260787164,-4.429753715525746,0.8107540142646844,-0.25880677883307396,1.6887687874788888,2.278834092978479,-2.913023221101682,4.4245112176542545,-4.607742530733975,-1.4677027035561103,0.9591007942649804,7.216103213889368,-1.251094244086787,0.8237893754637663,4.653318259094584,-0.5833896863406509,2.3166252683356188,1.1092691694116512,-1.2809856520589906,-0.3600304092954056,1.1790111454893704,-0.4656736990529023,-5.351558631234948,-1.9731509342531357,1.318321196677059,3.5162184841566,-2.547636113701622,2.329376085399995,-1.3852395326811864,-2.5732454707146974,-0.13925010891380477,-0.025927045781169868,0.04023302269036466,3.6367674299653014,-0.0003703790062545794,3.009666695930756,2020,1
6.111953242937999,-0.14701002705526392,-3.0001700362513257,-3.4102762714498804,-3.4887892818796713,-1.8626787594503147,-3.8285394429561017,6.889711303382693,-4.480440385779958,-3.2163343661915027,-6.49929207518842,2.4842385784132315,-3.06046585758569,3.6237337795524223,-0.49753543340609263,-1.7396621618043742,-0.8339646590842145,9.216148167552094,-0.8915407431966017,5.52687060411217,0.5913358331774546,-1.2767450480028044,-0.06425251975508031,-1.9767413410264638,-2.4171216433078295,-1.4811627621017178,-0.5641192610743209,-0.47499758477690474,-0.5265489159565246,0.6926665603930743,-0.3326814194900127,0.010068749484582503,-1.0920735085308433,0.9687960027836597,0.7554414330263642,1.215830523822407,0.06763480493362141,2020,2
5.261395051317283,-4.0369186503100405,-2.8572263336055803,2.6862722438389914,2.351209056277975,0.9597721830701474,2.666666526489345,-1.8280582389254714,-1.7601776015177564,-0.99100453410212,1.140429449463304,-0.8299540800362608,2.7950572880626408,3.9846911756030887,-1.2015366380329957,-1.5446804010816828,4.367084474164385,1.6797637865152086,-2.180840182411194,0.7217059595071581,0.8263048281493699,-1.9806748455470844,2.6466517838574717,2.04565034675394,-0.6472366276858608,-2.9368998887416446,1.099600004779378,-1.7755490553327864,0.5484427211150049,-2.6279459178100693,-0.380333831323077,1.180913020493521,1.201355794727107,1.8926087964279084,-0.7168887832436435,1.074977618202876,1.4019470060631185,2020,3
5.831894323741017,-1.5937751388989567,3.4500258253766027,0.29352715799773677,3.16502389250678,1.8512539328415782,0.4902043447141345,-0.48882085108058787,-2.775015270009886,-0.5396745618448835,0.3171858119279241,1.055796511161981,1.390406933663552,1.641508137619733,1.0549105644178256,0.6878423445203876,-2.7109316167830175,-0.46916626093050345,0.0415173144382626,0.5780496143102584,0.03403669438503186,-0.37763368116468565,-0.9531858271568778,2.261019091520355,0.0013244728332954037,0.6951255289076426,3.5288317131559146,1.9804921887116644,-1.228618736108316,-0.0918811851357543,2.2169194268566663,2.066394763943894,1.172692091762394,0.4890765500374013,-1.4540645752517354,-3.4045233002283655,0.32060689594016467,2020,4
6.857943474974432,-0.10820637564549898,10.017050227459817,-4.13509842138279,-3.1246371039958394,6.53258971502038,0.4935712175824401,1.578030446259665,-0.6156187659880219,0.9724145600622817,-6.8108654270490305,3.304686390589352,-0.7286119763491122,0.748245368922704,0.24637593950680717,1.001194300881229,-1.463551162697261,-4.164260946655913,-0.2425645170285631,-0.036886538141001964,-2.119484553308077,2.1633469508158436,-0.36794636461616287,0.4406607240093854,-0.5332427465821833,0.35778278208720066,1.0512754211125432,0.7360067102862088,4.843459492036675,-1.2081200063303084,1.9676876188894297,1.901536673906263,1.6962988098874654,0.8548010398519347,-2.4214265124439724,0.16113525282919888,-0.5244035522972085,2020,5
5.616025413791628,0.9441012917953486,1.6345583216027166,1.6186298397728067,1.5844454577988298,1.6149745250953125,-0.27747861514732775,-5.442819444158081,-3.8197554481758353,-1.8177629315506585,-3.3649674932912896,-4.12264269203732,1.223921726366593,-1.397134764175319,-2.363882535344535,0.9989696039405985,-0.42456840574095117,0.28404682899607425,-2.886899263326551,-1.2006229791329872,0.7454941476643631,1.0688178257315273,-1.6033650608118515,-8.67687217812836e-05,-2.052103640481321,-1.7665161703948635,-0.9825321971291504,3.050951460216703,0.9150034866021546,4.491144805443769,1.8433132945552757,-0.07625355896363864,-1.2434917860953745,-0.6706843033356696,-0.23351144291271783,2.6188746639227345,-1.1830573502969008,2020,6
4.491393456801915,-3.2445281779288524,-1.9784969341022778,1.1608060828406905,1.5847771855764752,-0.08529892048148897,-0.7503373824622247,-0.6133973453966587,-2.7504847031560575,-3.8305253438194287,1.75429246185877,0.8371634335068653,-2.3565318330279394,-2.5227531785606203,-4.299545511207681,0.7361411147009096,-1.1940678770009887,-2.080051089302627,0.13184914066281828,0.25102817529034266,5.449954668384719,2.578721674058866,3.7933634031148675,0.20715659328167652,1.4264608459276809,0.624557709539384,1.57495334441109,2.548193248695998,1.3540162851487643,-1.5343376292468174,1.9077456868268339,-1.6453714594299718,-3.3740191406355513,1.4141001027968796,-0.05687562311114761,1.654943228561905,-0.34785258320784185,2020,7
3.013254786223105,-2.3280476325874035,-1.833941205177905,3.078819320950879,-0.43259638113206983,0.8691004116003693,-0.1377079595668874,0.7536632019091699,-1.4428700736118747,1.2613360401201221,-1.516750012729448,-0.8457616402523725,-0.7537374005897917,-4.089079803158306,-0.9418736306405998,1.4897006520659828,-5.186463104032141,-0.3209294256328531,0.00511655988574,-2.6021055398095263,0.05823334473518906,-1.5302721519660067,-3.870329694764401,-1.3229452909415311,-0.20804397053752885,-0.5435036418933846,-1.4275374827448097,-0.51366843147275,0.5337313977725792,-1.7133578159711214,0.8512946287613572,-0.9816787289037769,1.7317086085991797,3.3828213640307934,0.35291030373536064,-0.8875531959805408,0.7185181786967597,2020,8
5.909370598202359,0.32948518198439497,-0.5144504317666733,-4.4878487629830195,-4.751799630417703,-2.990985595057219,-6.60723952340008,-2.042515586852664,-3.4291995450113233,-2.91956404524708,0.23276414673096826,-2.5272251085001787,-2.5078016928652294,-0.8919162411895027,0.08478483785110473,0.5008512204130932,-2.2072865817674523,-1.4576325749417731,-0.8782840221853084,-3.592503308099907,4.227392168540111,-1.7258635523578296,-2.269091889585422,1.4844052465186899,0.6751773452186687,-1.698254748890025,-0.9184770210539798,1.8864091715115194,0.4116380747896238,0.6695560283343499,-0.16979986190041074,-0.44341320673891355,0.8393646755762393,-1.9869696386771434,2.495219223129513,0.7818734885982429,3.578765250672777,2020,9
6.401691906023092,-0.8367478796675621,11.431527465389067,-1.7010917623984332,1.2706518013747852,-2.5611637289783995,1.8020217118639592,-0.9120003443314253,-0.2963105301364626,1.1913390704002442,-1.295234880232228,1.6511713409468531,0.7623565356383859,-0.9876621009121354,0.4060787429649018,0.23776848279940044,-0.36793641158070156,0.33933526137934417,-0.5844411641265634,0.8531652097198278,0.6528407098092361,-0.036280701841753936,0.522871965692641,0.13282055210744495,0.5408428189587288,-0.9707951456959336,1.2197433291363913,0.2304617416256099,-1.161056278077771,0.6911180349635009,-2.86710914431587,-1.2859553676781865,0.7175848384083429,0.5316583387308398,-2.0696096890884084,-0.8028807019724086,-1.8763177988876916,2020,10
5.973492625041639,-0.7048773552214914,5.807083385737783,-2.8329693245200254,-2.6359484078807447,-2.1181694773750985,1.0033887875909528,-0.09229430912209104,1.4124143825530107,-0.10129492372934287,3.4320197398361585,-2.454313249690289,2.451507920559617,-0.023757119961750697,-1.0096986052639882,-2.0219357723904565,-4.072719481919961,1.3917607334488162,2.19312659864361,-2.0554963121379157,-0.4797602305919336,-3.148088813753079,1.0161349041994452,0.9130675480253752,2.0302288506843227,-3.116362048074915,-3.0824025623190976,1.205389621310801,2.87063248958364,0.38867573526768456,-3.515960521680988,1.3579771127472722,0.2041020498920887,0.4134539794875166,-0.21427686279635594,0.8313272762662981,-1.5469724701874723,2020,11
4.224925362160781,-5.077627047262445,-1.0027514046591468,0.9040817289489369,3.3958327800319728,1.9741343126619086,-0.0777166820937462,1.452153040771706,-0.7255863228886323,-0.6941744611194468,0.9572185780251042,-0.23292414406018966,0.26009265564957373,-4.417288479097752,0.9491259222405976,2.3175748905031726,-0.2074941622621028,-0.801209901020306,0.001448967774036499,3.95926144824398,0.6632690817003353,-0.9830229717855369,-0.657889728176219,1.1540562752886618,-3.092306989526893,-1.0125118168289053,0.7338090787902505,2.2851860496237832,-1.5857718557849116,0.9564089894066797,-3.1478678167901974,0.7199776757356631,0.414656666832859,-5.418940237059899,-0.6075857306192144,0.23120905863731075,0.21675456969167797,2020,12
7.265540667040591,-2.0188295303047687,2.242474614484711,-2.4406758741455477,-0.34146072962717605,2.388682680684876,-0.3405116242747176,-0.7397837521872194,-0.9684499956709389,-3.3870018529555064,5.643053773677125,3.110278760486078,-1.4602467597000905,-2.307345222527592,-1.41720423582015,6.69039213195704,0.8525980102029537,1.8352432641930028,-0.9918768098272602,3.605464256783701,-2.8258366359974922,1.5085663783820795,0.09822938394534417,1.432166181788733,-0.6752259088475124,1.0505748115339208,-3.0512893067359377,2.8992958170548206,-3.672225520225735,-0.627371760885032,1.7192008520564372,1.330832920461532,4.4233423970901296,1.5630899393932582,3.1315787545212217,-0.6690434039242283,-0.8866893733684714,2021,1
2.319111664142446,-1.8101762247663107,1.9355189948971712,-3.735108700963178,-1.7285224447715435,-2.0249533536672573,-1.9312481698213708,0.20633122970344506,0.4931208183369876,-1.5595880387589975,-0.43152783838865816,6.535783399170588,5.930151711329664,0.29099234966650733,-1.6335669227033784,-2.62534862251894,-0.7388430491002025,-3.439038002501404,-5.20183700407736,-2.61451656532081,-2.335759220016646,-0.31692932068883506,0.20597527293357543,1.374518553904687,-4.06584802635224,1.687697826116956,-1.0561121039602057,-0.888637862410359,-3.2602351303425467,1.4918522665304896,-1.003470268562179,-3.8472182370517114,-1.8985616311694535,-0.02370782474844076,0.44472655688807183,-0.08440157806706192,-2.447153288591248,2021,2
1.320589780677853,-5.2523177149885205,-0.5763098457303426,-0.21360778217459828,2.3260029308824217,3.3312228757733324,0.12300321088515062,1.8721829255950149,0.12033055190941584,-1.1474702724969252,0.8292814309217953,-0.47172059365309504,-0.6958538129473424,1.8324524113185583,-3.5482507007733393,1.772588354448419,0.3217097919441692,0.10062810135545737,-1.7096207030549846,-0.4072623382504141,0.7346928333081671,-2.0734143908170157,-0.20777746654201332,2.4599929164528596,1.8395135826905449,0.969940411537333,2.8728703954252497,-0.42385279660335595,-0.7261113939398057,0.21672106449091,-4.0215794852276625,-0.08363687179909335,-1.7030017816061906,-2.3700348404467073,-1.6536698109139452,-0.7543682755369757,1.1095119004577039,2021,3
1.894111233485106,-3.7295732913589026,4.1062933608137495,3.0790432826885885,2.344204296786656,1.8681489627437369,-0.8360588174709125,-0.5724535393040622,0.16075681162530878,-0.018246889318666817,-0.10746145125577929,0.18133899900316922,0.5062240425791795,-1.3924140404161918,1.5570177708159274,-0.22100923797187597,-2.3309658995379805,-0.8443465455205689,-0.7428197294535154,-1.7534721769587722,0.20333599596461818,0.39008198668274013,0.7109439680137251,2.1038276410607475,-1.767714089397784,1.694211539583335,-0.7457645255096172,-0.2698336713615619,0.58420573815836,0.721512877443684,1.5215238528358355,2.8447669307828227,-0.8114556016178943,0.6193390622328945,0.8596098256090631,0.19580939650418483,2.2960898684748767,2021,4
3.257680429334906,-0.8057948877212677,3.4809212167911174,-1.763709647351839,-1.4668545224769731,-0.3508767333685802,-3.5555871759748374,-0.37107826889960943,-2.106733881930946,2.4895566257636417,2.0182693836199377,-0.20220226154997226,-3.6619736083954524,2.968523851487648,0.43656533091326605,-0.793607115106577,3.0214217533737044,-2.811408895411385,-2.044419507576416,1.3874838628310175,0.14464147851950254,-1.3686483080187999,0.8485605638495624,-3.191372158801723,0.07591783972057417,2.5984367114077354,3.6928002933675117,0.8004210229857214,1.3803422278726893,-2.631520465422352,1.1435121355637168,-1.2369094950386101,0.30076202422773973,-2.490767336408883,1.523445363159975,0.8575932468817259,0.4482094530600865,2021,5
2.6347193566722438,-4.385354341853531,4.693924531121427,1.4449216570768937,0.200902497162901,-0.94969284961673,1.5291170803573992,0.2945449566945426,-1.0372897745066922,0.0013441526896604413,0.0010292765714607333,-0.4975178103452386,-0.6151381246718086,2.5333086164338003,2.6511779256632018,1.7690447968570913,1.1732439934826777,0.0791565746186835,0.666583213517268,-0.484068179585035,-2.3925181203083605,-0.1342490216165894,-0.1577325450204261,1.0068480816972194,2.7442449064763514,-3.712537249130599,0.45027935147065273,0.861524854169649,-1.7174697498846105,0.38251968192602115,-1.406239924785082,1.3089456155868138,-2.7409030335146882,3.497180227989698,2.4758058826721387,-1.1710633833930493,3.471734799568949,2021,6
2.5835130997554687,-2.3467221627466137,-2.576067114311663,0.18420287935201618,-2.4084502311361673,0.7720105575080761,-4.385289608829361,-2.9142485229685753,1.649052649174559,-1.1482951429274828,2.8325940664562124,-4.739956228571199,0.7307675967346513,1.8650161399389755,-1.5956070101305577,-0.19708453357442207,-1.6566619712912638,0.5248403368974957,-1.3014713522552601,1.7976888528850667,0.39110997423877863,4.879285447078476,-1.2042028725729845,-1.3872947049353324,-0.4298594792388963,-1.0797221159061205,-0.11284940898214221,-1.5648011765928826,0.3201968241506247,0.2797004222837262,0.3479333290546335,1.5248025511696714,1.3956299179254215,1.577405658098653,-3.6782388684978904,-1.1853307211660968,-1.7177615538690287,2021,7
-0.519590161309719,-5.328995830648738,-4.496101867364023,2.0440732808487168,1.139024145783867,-0.6722821877497921,-1.7657421806392204,3.027644194996223,-1.203571955914184,0.21571338427992132,-1.0038284562939819,0.518309357477733,0.18123540230653723,-0.5349445621682745,0.1898624156843546,0.7278080615393827,-0.1794466035396456,-1.8972686363476927,0.7138697990522749,-1.10315072573354,0.11378128238766672,0.23768454087808105,0.2855280288561174,-1.640486896925253,-0.43843678496847405,0.7907918376869153,-0.9376718760875349,0.20471405385192856,0.04179997823050668,-1.9862642796710726,-0.8291326533939132,0.21752330714314466,0.06539373601897551,0.4964648564005577,-0.6098350163302918,3.695632317989371,-1.4673679765147951,2021,8
2.4960952882563565,-3.2820207172707105,9.375321721514414,0.06414145475494602,0.8177132040629791,-1.1602031288324643,2.5018402400420747,0.9504073485798609,-0.9863368376705914,0.9030808757802681,0.5432129113270903,0.04748433525797027,0.8796429189387732,0.03325212619780279,0.6714324689488953,-1.618583873070996,2.981084758973299,-0.016725813375371327,2.414711849247739,2.4543916996741655,1.0194537288097856,-0.7369358995039141,1.6495234785996178,-0.8271360772579731,0.5383607697556778,-0.7029854393136878,-1.5174963908485466,0.5872399875817782,-0.22895382436484912,0.17524121305468277,-2.5420252046141987,0.7059470908612898,-0.2820749372353741,-0.6929806224717824,-0.5228400018999725,-0.9552791141868884,-0.7342188100095368,2021,9
1.9994789387443785,-2.044078203894979,2.6595956771201705,3.027366451080641,1.4541774926712927,-0.3034727373646599,-0.12663956680927327,0.4048147770779133,0.2918375899607042,0.10489950659370632,1.2224111661581287,-3.7092901286831896,2.4958788929387614,-0.8347173826756834,-2.2989634746651073,-1.5651572434429364,0.6929367857122782,0.33859546190487594,0.2694251826955096,1.2128811217386077,-1.2562210553193207,-1.0928977873216377,0.1649543201538422,-2.355250551240561,-0.34501905175109,-3.8562319491850987,1.6663993335259626,2.2479006987592425,0.18732031949582673,-1.8243184211017434,1.0962966972773531,1.7672069447923473,0.7949708506349124,0.12554972948115764,0.9298125764173932,0.6782541116372903,-0.687654590618484,2021,10
1.372437224756352,-3.7394207688442114,-0.009445556608861927,-0.7441340710075514,-1.038973416789106,1.7736892430773608,-1.702590729610476,-4.006789460319446,-3.394284065230329,3.8190522574508354,0.7771555430987214,-1.7992817783691113,-3.563547503967987,0.3041972755671002,2.2636347841319866,1.978975532018876,4.411838573921213,0.7721301016704255,-1.4056761334769672,-0.5228001951464233,1.4005544833133494,0.009214349438218318,-0.43544769017021095,0.9192174921791549,-0.613973166672079,0.8389257738813795,3.349092479895562,-0.053414371055558796,3.5192822435264217,-0.6755519493276751,-3.0856769196691283,-2.8726619114858125,-0.3193549917215191,2.8670304020148616,2.133980210112457,-1.209446644889955,-2.1420464430365573,2021,11
-0.05302654612780772,-3.8036931628470843,-0.38162728245156496,-0.16249070003506869,1.0448206100361845,-0.205809336234201,-2.084057374310621,2.993683621455053,-1.7892832168639219,0.9674943452299157,1.8369240760431536,2.867968949126976,2.226418446778672,-1.892257908911273,1.126190354801002,0.29081851252378416,1.1943376331057205,-2.226051802390782,-0.8312304177455853,1.8281373856573624,-1.2456195350373902,-0.9792422037120968,-0.6707326200632815,-3.283947847104136,4.909117535605558,-0.40366588158080347,-1.4154132446114225,0.2732595350907389,2.309778264796783,-2.162656485420306,1.1850011823579274,-2.3870998649375794,2.325736100715642,-0.729387112880215,-0.25827472935955637,1.809987176598363,0.6240053039771912,2021,12
-1.0670476235134483,-3.790715932558219,-3.1488591419941123,-1.1103213976379227,-5.267129333307212,-1.9370977585183755,1.792607187039582,-3.7657115840027027,3.8284184111896997,2.36337693496287,-0.36339774931805074,4.529655671730082,0.37536612490611126,-4.150702492742735,-5.697943243822329,1.953432638067043,3.1506581956862494,2.6272381303589527,-0.9098922223953008,-1.868780037162127,1.0502768793392359,-6.412799109000873,-0.2501613748494831,-0.5694070132793373,-0.3756116993845427,-1.0855231990201506,-1.0565674891687507,-0.9183434077841088,2.13556057253595,-0.18514692456033155,1.264418065255208,3.3960915961129032,-0.9445446131749643,0.4412444337195148,-1.9907897482761476,-0.5105048400488172,-0.8693484281258673,2022,1
1.7695594260574083,-4.432372090481124,-3.604940644175635,-6.878182326035528,-0.23102797511154044,-0.7130047013633456,-1.440512001488169,-1.583393204666454,0.8099310519876811,1.5643961996445952,4.689844470731426,2.965079803845148,3.1707023986867906,-0.06172221348824579,1.7198235033629747,-1.9806825250230806,-5.360459066945459,1.4405822344639374,2.3808488437498823,2.5718536569771353,-0.3473595181993419,0.1527330181271265,-3.6059326187144127,5.158840700706246,-0.490427043346481,0.010811645524206255,3.0532448103264342,-0.9018094380328382,0.17346254417980725,-3.1294631579525807,0.14729541868156004,1.0666173657230902,-1.5999496625917142,0.21204303279385042,-0.1860487381469568,3.287163982163747,0.5420531180783468,2022,2
-2.2058010165978783,-6.047860057029287,-0.41429646146662996,1.9754222041287322,3.2858279946898956,-0.6695859130082334,-0.2619858864939348,-0.2967525917712668,1.12551031305477,0.021252703849265805,0.06924242196056493,1.4710011494595874,0.17253637434704566,1.9339514817651866,-0.35476691675377553,0.6359053379232782,-0.3344037238761328,-1.1816765937274336,1.706528208515546,0.21904554932240372,1.5757427542888736,1.2389227441079949,-1.3097526608547034,-1.8556462037242323,1.5159757003951206,-0.9986382205566057,-2.3270515819882713,-0.9808298986568197,-0.6710482248708699,2.070415861352697,1.2546459910980647,-0.7768036138502237,-1.72784120351794,2.0809312109661504,0.13416520390537626,2.693000779968346,-0.4058151942405052,2022,3
-0.9181607315841819,-6.171222578119382,0.6426105907105976,0.5554737908648054,1.9440266449215453,-1.3447335731174352,1.4351141189642305,1.3910588597752571,0.6452821979608724,0.5412051389061694,-0.7451166942033877,0.6326235097488435,-1.5189377596751008,0.028151066735891756,-0.23854908812466605,0.7612473766137134,-0.3577467033431451,-0.22195091576618572,1.2579280763911307,0.8566916365582954,-0.20169605826588854,-1.8705471691225046,-1.6203761227280433,-1.6420923084532535,-1.2846462137949455,1.5098950897103205,2.0098835650250897,0.7682822030284236,1.9434637404523825,1.9722665018325471,0.8499681204510808,0.40390857677409636,2.0797415236199552,-1.6042058824292753,0.12398652581039613,1.9489388708228252,-1.6715091360881107,2022,4
-1.0820610917853186,-5.095847641816328,4.34888820325659,-1.835531927226686,-0.9269869391958966,-0.46043235811772226,1.4426310257039974,-1.571123651001893,-1.0071717762908008,-0.25488074365155544,0.8484733308385521,-1.13438314364531,-0.9880838319662381,1.2961300907545683,-0.09933524029182662,-0.17648171265604157,1.0323302429149843,0.27984913270770057,0.8593155105696788,-0.6307410106366201,-1.3114706446595141,2.803927557143254,-3.422542122509017,-0.5331607636430099,1.7256399250034617,1.52184027397394,1.1998866349790158,0.0344438976621146,-1.4330115077656573,0.054587848627324645,-0.8850282142374845,1.0834193900603115,-0.9059340770501569,2.3125417414482414,1.044460548626474,0.0917475581732957,-1.5520980443635548,2022,5
-0.6086084026696904,-3.8852794375088444,0.061626191828886095,-0.05484523552271111,-2.145786717721921,-0.651592729656249,1.9998256836579607,2.0218637098632186,0.14959894578444619,-0.7924734756267662,-0.055600030702507186,-0.46463283792206056,-0.7647998283265905,-2.5439306971029896,1.0461748074975137,-0.6820198946454868,1.6476336049990867,1.7546409359102313,-0.9323487401446102,-1.5187835865867532,-2.2328453973445788,1.3092110878895031,-3.9845810284466054,0.4194778637001646,-0.017499763313221662,-2.490397287614372,-0.11647416724514566,0.38062831708638223,1.6597194193998352,0.31199952814108955,-1.5566623583949333,-5.611355139236657,-0.523431802270777,0.7915278515067727,-2.7733528608658125,-1.8244640359579385,0.7659040333182162,2022,6
-4.462482398583263,-7.020716118550077,-5.169863992302665,2.4543048127316807,1.006433381707511,0.39083284869467233,-0.4420035685030471,2.425058421625731,2.554831495683311,0.5481530431538559,1.2270115378440496,0.5408909046589162,-0.7274972038648125,1.4728336546270746,-1.1446442764049667,0.07114066679847877,-0.5703009725635901,-0.21081846619258576,1.5136566859459473,-0.8484681482512839,-0.18909577277261275,0.18229462741343955,-2.7354528787759933,-2.8346499171844375,1.78533520429591,0.6928832819415828,-2.008006152341885,-0.25847430702137164,-0.0689535285966701,0.7120265553997885,0.2286744959171711,-1.061105395732022,0.8554555038327813,0.3865988322000121,0.10502124028905142,-0.30487713165548147,-0.7432427756283104,2022,7
-3.444766245740542,-7.637371454180602,-4.552948398135864,0.4587207445206088,1.0826362394933593,-0.7031349986243619,-1.9359984683249931,1.5418367340688044,2.823507217098615,0.4180982581056814,-0.45575558017250306,-1.1532595098992162,-0.538754746070672,1.806579846054697,-0.016136586074766153,-0.5662880728502803,2.1325079630358013,-1.8887903361134226,1.5632405356555865,-0.6733563521791288,-1.5740784713426443,0.5861189698008091,-1.5422758916224173,2.931799679080148,1.4509515405818576,0.09530777609240226,-1.3974065216367564,-1.989298833907848,0.03378049584069078,-1.680144101914384,1.4821625214850296,-0.8583568266539544,-0.03181653854739847,-2.341492742427741,-1.8022234299867046,0.6697982041869032,1.9758836874411738,2022,8
-0.3097191236242512,-5.149753276652138,-1.3955952213422853,-0.06611678443320126,-2.25510549559353,-1.0273864701346518,1.8906804075010368,-0.6297001329993264,1.4980313788202066,-2.063410477090636,-0.03316425411885515,-0.49782218434699754,-0.11363237630538806,-1.1537356563673757,-2.072413976466767,-0.07723205819962217,0.8765518472340427,1.04036710911524,-4.52303452300548,0.527658306176522,-0.9280198013945975,-0.05793647433593835,0.4389873030563096,-0.2893985109602036,0.7436492460246331,2.6838411419460853,-1.1501952665277702,1.7167158346914821,-0.021010592462222373,-3.3511001061052017,1.2349792019683274,0.07613536216073724,-1.4805345311050186,0.5296105569223969,-1.8966769567734454,-2.6902683065272486,0.8033908751127683,2022,9
-2.1421242394899656,-6.319032948666668,4.501700890840567,-0.3624081660746518,-0.8695818874168548,-0.21098772871720792,0.6133499576131847,1.7258349643752355,1.322082820573804,-0.8329975208399817,-0.919066251882886,1.9113070444022302,-0.41105435986009764,1.1624381115681919,-0.510807069706456,-0.37451974659601245,2.041707949168085,-1.4616973994067854,1.2547347364770747,0.048457412552008805,1.8346472525536426,-0.37032916497436175,-0.5827205699737505,-0.2781091946902083,0.9443315814790834,1.3342311649715468,-0.7283805553513389,-0.5443788936608839,-2.6049946190162796,-0.15068116567531312,0.49026487569763116,-0.3681054655174277,0.17994488391773303,0.7362130135892392,-0.8568543396410069,-0.004210426581280509,0.38696201242078493,2022,10
-3.581374776027217,-5.618578583203603,2.2813495945331743,1.8454550736713138,1.6876504809445572,-0.28908591283183954,1.9327695737610255,0.6757270432529159,-0.01582145710876206,0.29969051156321347,-1.5202720975419926,-2.660901731600961,-0.4662720292003381,1.1223359592732889,0.3037215441653165,-0.5917111795584595,-1.5392621643984465,0.48379690658568353,0.07024622377249783,1.0717050945409141,-0.6812675482273348,0.889928099129338,-0.7679296935310792,0.5236599950745039,-0.856524001753271,0.13728210929118767,-1.0468170244400794,-0.5798634349326841,-0.8822845245692605,-0.4101255562624794,0.1336033844965636,0.056671596198708186,0.6567847498371433,-0.12528844300334221,0.38194983532319726,-0.11544005323407266,1.218284161157755,2022,11
-4.635650926523905,-6.14572081410569,-1.0439982422439902,-1.5264652329327928,1.1860659674973337,1.0627937000023089,0.03584829419575466,-2.6742217909234016,-0.05712365062382549,0.7963859404085617,-1.5936852172065061,-1.5138107175430688,-0.339037359092996,0.7370729104541162,-0.30199765597945244,-0.06399656739444874,-0.8753688441296593,0.48933945839081133,0.42276187011434374,0.346793007977368,-1.1988561396574287,0.16813277018302178,-0.26735043361486205,-2.158745812093104,0.4093117032030879,-1.030915373293386,2.4217895966862693,-1.6847855284422624,-3.890933604757564,1.0664511771881233,-0.7462473929371993,-0.2700447957938886,-0.6498003042701912,-0.18726269419156702,-0.7884899075834888,-1.7040134708019865,0.3850998461156421,2022,12
-4.134313617067895,-6.817517034414606,-4.072154440411818,-5.609619837768831,-3.1812971974518716,0.25748625884338894,-2.2066083618589514,-0.5407933662993536,0.018601447003880774,-1.9680771321594728,-0.42028678306753997,-2.6892192866392697,-3.6866972614121942,-1.5998886739034193,3.6670360989215762,1.2997289889493167,0.3575254705498919,-1.7570374648509495,2.0961340057538265,-2.3231139016986737,-3.177102830214345,1.0562546494383178,3.507213182112301,1.1912187913179728,0.46869567704020804,-1.689250525013044,-1.2437230035946052,-5.151402731519127,-0.14087828093326202,-0.4706257160833056,-0.02511774382565083,2.6597447691477956,-1.090481149976872,-1.563491141830287,2.1635845806693994,-0.8550243254297073,-4.62243904395391,2023,1
-4.652502092579257,-6.117556213098313,-0.7095458378303464,-1.50210435322105,-2.885799126450173,-0.12856041447931518,1.8639577078923184,0.560912844336783,4.01555111517058,1.3493609224521654,0.004734681436903805,-1.7835941545779261,-3.004027658746793,1.4210845692136758,0.4085505415344012,-4.7060424140891435,-0.6681432837102004,-0.5418509441206597,-2.7545542523759665,0.047484625957246875,1.9105519137782716,0.2797852131799424,1.0755406526871703,-1.55230509824414,-2.8180107875930664,1.8995034596380984,-0.7791696908287977,-1.3520579301709132,0.7688434847931621,0.19729641073081203,1.733666138929842,2.743371841658474,0.7443880853298956,-0.6793723587358195,1.2766370011481785,-1.2801304646159353,2.6516065814401957,2023,2
-8.954253417307866,-6.4527533163287645,-5.5611159818878155,2.2591918651256635,2.6096232684054796,0.7275491372049953,-0.03314205175412697,1.3905668832004063,0.40042790101677017,-0.1718859653448431,-0.8652529712069078,0.2775090623390063,-0.8456469822013076,1.824598807103183,0.18586810936472797,-1.004275162597814,0.46039239806831644,-1.2614502997030315,0.7500008073037733,0.07118296135140172,0.5869227906766248,-2.4951536947680375,1.3529207047675817,1.3907710328907346,-0.6483004215415964,-1.6766334964555312,-0.6799027755116429,1.604300414162884,-1.3909695602886054,0.4993684771211145,0.3356376846692323,0.19899447675212315,0.6857155125921359,-0.639801055798615,-0.62088356784595,0.2759988319386306,-0.7186562778144203,2023,3
-5.284505533549255,-3.806306944205783,-1.661303018853216,0.5493073883268844,-0.05831604140239428,-0.5337665030317161,0.11782502206184506,-0.6892172435377889,-1.3196730177503766,1.7832160424817491,-0.394144533397592,-1.0638894851699119,-0.7761602334665056,-0.9394936873654909,0.5549469629703994,-1.5142179692025899,-0.2843883604846101,0.05041820348925649,-0.009212314314592593,-1.5627918948116333,-0.654362064300995,-0.4510808247391234,-1.2449243094472886,0.6592258397047482,-0.1681028243016673,0.02756601728197737,-0.6116779827767427,1.3848982215656105,-0.09245686288306872,1.3669173316890195,0.4917121814993953,-0.8302514553469816,-0.05399846152464937,-0.18573143705287595,2.728099448230841,-1.1990452835269787,-0.608972909025495,2023,4
-7.521428949771247,-3.3149554407381103,5.060301725035698,-2.7189006440807755,-0.8875491199819222,1.4098674473719415,2.1716734223714784,-0.4283076403040661,2.0798399476823297,-0.8041770401798078,-0.5644355080018255,0.160199656809261,-0.32761638188578085,-0.7034686505071227,2.053998104815732,-1.2226211359564725,0.9936138571678794,-1.5786039648253454,0.5032208526201936,1.2480479795109687,1.0546354333615309,-0.2036677162412647,3.1403825313633726,-0.014358629772652893,0.2652851517874814,-0.11486552409842248,-1.5936130939659623,-0.7479101907131003,-0.05846544686778334,4.116930728868187,1.280876851779677,-0.7022866892390465,1.1739901489303504,2.027290644245865,-0.27954757731017615,2.1783209315509757,4.039741614445183,2023,5
-7.719211393074102,-0.598398355248817,2.0714217586216477,0.25384046053055004,-0.33079707967806543,-0.35055538352258236,1.9353293985042945,-0.5515532508002072,0.4313020153283912,1.4539522354833812,-0.6577770417107119,-0.4769255457901445,-1.4877730290939308,-2.9133567983158715,0.4649646837587316,-0.3437540141114896,0.8472188345878309,-0.7303148733345394,-0.1933958474624823,-0.21285922469024887,-0.4335961559476403,1.6364444906495033,-0.3450335162529282,-2.2490344755198386,-2.7031445101345737,-1.2940983201642624,-1.618888224945352,-0.3046267166453416,-0.8308364593386083,0.764034247878569,-2.2911526189937694,-0.5996984109651955,2.3943490331937416,-0.8429872533800709,0.6516452423361071,-0.15535519874082307,0.5220024467196077,2023,6
-8.181887781021183,-1.7863982000938619,-1.1465629435160598,-0.9163741627513275,-1.4589432861218037,0.8053637875181863,-2.433764325490458,-1.1534481462682658,1.4083627274055979,0.13983215251650075,1.1287411242270877,-0.47881085970309095,-0.9457454236184611,-4.232915726700975,-1.9447392439840931,-0.782348143061498,3.0585680765551047,2.294411073317579,1.610370542574314,0.9188237642410981,-2.9286730136907324,2.534982974942283,1.9943946324617077,0.6598136510776251,0.4363944956640126,2.308730555607222,3.432298821676767,-0.4087562347182766,0.13298427526805617,5.7032386120399625,1.6507243454341127,-0.037116441807031074,-1.5520047557531096,1.0236433939854688,-1.058205388146379,0.48815821342353083,0.7784332050633346,2023,7
-12.18125273520142,-2.02728611683286,-5.168717202547594,0.2925444859421013,0.48330352959097433,-0.02672215422836778,-0.8172703022069596,1.0831407481743187,0.26815457935391745,-0.6352781372069406,-0.4801023114719542,0.19231045815087575,-0.6035789038135837,-0.38768563620194424,0.8042046872129519,-0.33536324599045847,-1.0692487315602333,-0.14494979197587501,0.46838264247994105,0.36610925149281764,-1.0876073130743222,1.2461918306182063,0.2228621425699075,-0.6173237973991055,-0.6664950287799027,1.6110428766784441,-0.49105383307120837,0.14035408158428594,-0.05044488664801885,0.22713884250313426,-1.5361071420438437,-1.6879767592965675,0.3444927157694878,-0.970386761609057,0.5029619010814828,-0.39930582983304236,1.135934305028995,2023,8
-11.208925965523918,-1.2332912820599595,-2.9628959793514533,1.914121506860104,0.37315344282039253,0.5731066211548326,2.316335104569964,2.465274136259989,-0.29759632852146467,-1.23243147426229,-0.795315247531828,-0.006232872431286783,-0.40472356676123483,-0.777976493369898,-0.1059688848192664,-0.15070013885184946,0.5016558254399954,-0.264565422893591,-1.9151061098514908,0.4106380095759103,2.004072804760602,-0.5999927977687131,1.3720056516645245,0.5227403533991496,-1.3488649929015732,-0.09326568389309466,0.9599656828517931,0.10442080332122039,1.591625228352621,0.8372890855041161,-1.192895311119567,2.2154661743078754,1.7325828445818126,0.1467391867824377,-0.3599241262650397,-0.5973590869058846,-2.126527464707466,2023,9
-11.42339256583,0.5079671229974878,4.985694122777296,-1.0545521901557484,-1.0080372645390079,-1.1334652253741888,4.5397119593872794,-1.367667553120597,-0.41116546162798095,0.3024813663860684,2.1637403086382663,2.477338906204874,0.20561658538984057,-0.9967162507323118,2.165171224709434,-2.3001112996881687,-0.1574756140189228,-0.20040181557578698,0.02007534502036825,-1.0828408127295752,2.671986025620632,0.42515542250381444,1.483903534148677,0.367204579383315,-0.3549757758450026,0.5055874968402357,0.5069711576962224,-1.749127491178024,1.3278020959378054,0.9369661542561587,0.13636749213581026,-1.0703513837227676,1.973607671758481,-0.6556206473371821,0.4204464379096946,0.30940569745221724,0.7821145174485146,2023,10
-12.14128354609418,3.3771845829696465,3.2338463465727534,-0.7949696827810209,0.348484151734979,-0.7777759720951398,0.6547936443918336,-1.1436149813918532,-1.725057064865211,-0.5632068339368552,0.23909889412914642,1.0919397425082837,-0.0562595841870051,-0.8119446661104678,1.418897949363494,-0.7396776829939794,-0.6352515073555869,2.3701693848101555,0.6607433110942378,-0.7078115860733143,-0.5994665231288832,-0.027730617323348722,0.7089664346659404,-0.33922246972907916,1.1551808303682325,1.070059976443339,-0.34236727977175446,0.665064288110909,2.6926505005949912,-0.27755297004428053,-1.0952903926604147,0.9563813301700544,-0.14052554739433792,-3.325114125750669,1.4388273016274125,-0.355822905946323,-0.7020382016404118,2023,11
-17.06579688283178,-0.009056214048546576,-3.1457853924304806,1.1055560058578755,2.5852142524600086,-0.10447461731570858,0.23509267326620525,0.13228356163336413,-1.8217828226420105,-0.3724427085413418,0.40455602790272804,0.7278124075315888,-0.22502232474844053,0.14722860091927356,0.09511305828417532,-0.48650051319362764,-1.8171430829231319,-0.6801171850102804,0.5985521882270546,-1.2913713424549091,-0.1535047978698526,-0.8627885621316415,-0.048798749943639,-0.8445284232151666,-0.8464607356320746,-1.5537723344298717,1.2288378837686724,0.33457463465274406,-0.1665935887168715,0.10408641293057719,0.37085825625327595,-0.11548518050519573,-0.7150995202343449,-1.7105498832601362,1.746923678347265,-1.5566600310784762,0.028268500106458514,2023,12
-15.379922731643598,3.250624257464394,-4.512011013750268,-1.636731286245218,-0.6542177984773652,0.6431260631166269,-0.41558992578795917,-0.5676029722798037,-0.7071167202949858,-1.7135736538643076,0.06094876332171571,-0.4328985859994515,1.4268691859151272,-0.45914904302416987,-0.3615505482898833,0.20189822538765684,-1.6371812540958242,1.0706320641899436,0.7890330682178222,0.7100130289418353,0.0848451090210127,0.10822631690153096,1.376614690732429,0.31217248873601694,-1.2197917192815622,1.8393454553705995,0.2067762942269643,-1.2304821485260848,-0.22886249051462265,0.15667975928248534,0.7094618402056992,-0.4522835793344525,0.07058290938208192,0.3061008210271877,-1.1830998695267085,-1.178920847810787,1.3291937536367193,2024,1
-15.047968709707295,4.680135668375229,4.625165819815148,-2.060832715389862,-0.37670406789444444,-1.1322974108334154,0.6987205716798469,0.24512361185585244,-1.0104044934216505,-1.3575185776488963,-0.17472948021969464,0.8191985379565963,0.7808060277164702,0.9894113218327706,1.2050898343226129,-1.5779133232571787,-0.7920651100383472,2.528696954273985,0.7052575736273379,-0.43440688820472917,-1.2305994995173766,-0.6154488670884274,-0.4746804058599972,1.1989911547707197,0.5009879610186802,-0.19630384918261884,-0.2365877706488618,1.5752395408007707,1.6028658666590125,0.03631914678803744,1.8444099659638633,-1.2816493879609765,-0.6147377352537946,0.43548325598144955,-0.12237837998943267,-0.013218313460628399,1.395602883394565,2024,2
-17.895312129522342,4.252782086663479,-1.5591316829222568,1.1912569306673617,0.9942500953694248,-0.10833083740424017,0.7124740101881305,0.4183066131207149,-1.0933203805919522,-0.0632513281548515,-1.2720737796242765,-1.0731846066376476,1.0043984728197006,0.10598321220132403,-0.01545057818924259,0.08936822540456643,-1.7829096604852022,-1.0929244916276277,-0.028870405647117098,0.14783237704421154,-0.20808562769374558,-0.2363178457352408,0.6637881422000745,-0.3392058030483246,0.06240150612786032,-1.1341280839763188,-0.995862825523166,0.4283357733589646,-0.5898420497202286,-0.28722461471509175,0.8434767941094591,0.26163023475416514,0.5093396530996133,-0.26432100537311604,-0.0340245287022727,-1.90137528313537,-1.2633590391723926,2024,3
-17.514355968624194,4.765041905600534,-0.43757376731008096,0.6323949918063574,1.4368119734603664,-0.02055937254882225,-0.13267366486628143,0.3176899823054872,-1.2496795485112342,-0.813354730846686,-0.11772950135492885,0.03939379083799173,0.4898979519173711,1.5751371209422094,0.4123654102568337,-0.2912256529984203,-0.555650358327259,-0.6257608560542605,-1.1011996917710158,-1.1560302115091667,0.12303232818198531,-1.103174585471909,0.39039564633678764,0.30501400577511145,-0.1834938023496635,-0.5720873704947775,-0.046156052225821254,0.192268653487975,-0.07272399073253592,-0.0751122217628684,-0.12608707707688985,0.1343068435422128,0.48162996397368074,1.0651726255932328,0.25107469218804185,0.7780249730022658,-1.2472396762133464,2024,4
-17.916491937606313,5.393548849687944,-0.5473909672834913,-0.15748589881583647,-0.13952559543518384,1.0498484164352855,-0.8376013900765827,0.12454784407518626,-0.4427094792061275,-0.5612337508764059,0.45773262211463334,-0.10858525537482672,1.5343515272765724,-0.3031939711630617,0.34250264321139084,0.26041318213370546,-0.34545847514145833,0.18127640334047596,0.23032654390295357,1.529131172567649,-1.4419648199179262,0.3749218725051124,0.08634540681717592,0.2247418519547674,0.504615215467956,0.25739191679617374,0.10513363832395581,-0.37972823088089447,0.7324074869213719,-1.1603663642952196,-1.027610801853799,-0.6312770849061757,1.441583035277398,-0.13468614189765918,-1.085794687608741,0.7200806910047558,-0.30988377238986914,2024,5
-18.41284013772747,5.711734972500974,3.678705924737047,-0.37876613904138245,0.12496429755829024,-0.2748567065926175,0.4622945678684029,-0.4155093225109719,-0.1651657974619435,0.9734105305296646,0.45449573808030097,1.6931918787766869,-1.0077723222873387,0.4685580138020754,0.00805883059357858,1.052716075863459,0.7975081968715754,-0.2916987524552789,0.6052577566891629,0.449802501759085,0.2775557980014084,-0.13645158254303547,-0.6003712520382563,-1.4463470455875873,-0.41634378959010776,-0.583392639421146,-0.6336852884599677,1.2319971169191093,-1.4196684813893425,-1.4218659718291984,0.15152287672042197,-0.5634653929871429,0.4925738369010254,-0.12515974384415987,-0.3169508561794578,-0.9359634219387661,0.8387010764261318,2024,6
-20.181080648876403,6.277130888428469,-1.0689156542595453,1.7105448798706504,1.524363783484768,-0.21873591395891903,-0.11539139637055049,1.2145723115829568,-0.25804032213187145,0.04190584302798183,0.20201804550389524,-0.7437581034270975,0.40665407811204596,0.532235335627864,-1.1043402664523443,1.1240697808343436,-1.2655923550393173,-0.09626743733658094,-0.5201708357387261,-0.19716713504362382,0.34463718436130564,0.23285997539482775,-0.33999038052751596,-0.762519881257141,0.1857457752099653,-0.06188905267221106,0.129064170658995,-1.0335177036795666,0.10536411012112026,-0.1980468698380051,0.21491842211775092,0.6224771526912862,-0.8723058424230367,0.3460443690759596,0.664018485262323,-0.27777591445220035,-0.9188614342306926,2024,7
-20.517239441434334,4.617520835705581,-2.199818746751744,0.5602446262107679,-0.5480604287927366,-0.24785468256178667,-1.2088244781869104,0.9061559239026515,0.23396366414728928,-0.5674229391366706,-0.12232680011953884,-0.0989656878101331,-0.29189179664750586,1.21107346645369,-0.7997008517659516,0.6526593736426612,1.6396779711696998,0.23299200936113798,-0.9277072092561924,-0.21733269615064107,0.1070729768704774,-0.2547453292608492,-1.462263260952448,0.4934790839561351,0.15563540339116697,-0.39355166901327177,0.8288836899821352,0.09047316270925396,0.42287728484121373,-1.853365808307451,0.9152691743291206,0.5546133641234339,-0.9390849210824785,0.6902701249142822,-0.6700947145309167,-0.24103788425310227,-1.0968474333380545,2024,8
-20.925699082961824,6.802228666601566,-1.9485097662834965,0.3709565792039065,0.544930285029059,0.24408625006395576,-1.1461952932274018,0.986233857148498,1.2446823032460426,0.4616250927454566,0.15318812950566804,-0.24171646690985385,1.0035759789761125,0.6480872193494176,0.46439401563226024,0.6993142241171574,0.6748607412101233,-1.2617866247240903,0.0736810329136106,0.30280857114052684,-0.18268258708962865,0.8592815197464262,-0.16000680682740911,1.319904104843948,-0.7640911933408725,0.3645639024242923,-0.1856653632951714,1.6874271386323447,-0.27772836474897616,-0.20532361441967545,0.03672620645586061,0.34182354337886456,-1.68754061461913,0.7036424646503566,-1.0341376415016312,0.48572948030135066,-1.0781621145620126,2024,9
-20.466642898504666,7.61693541142282,4.1807800006309375,0.28626023500303155,-2.336245572839524,0.0892998251742914,-0.20226912043171158,-1.7385818579223864,1.644646505502778,0.955550920189056,1.3254945809768246,0.453986953558305,0.008303297522600133,0.45493826130516074,-0.9823206524125192,1.1995510523110442,0.926307090672132,0.3831462658281782,0.7399378670808462,0.8154259217424904,0.7388266562150312,-0.30002159204159295,0.5587038940285529,-0.07784608331551367,1.0990326829091857,1.0152289335419362,-0.14553958617027232,0.6177859534630596,-2.1007733234495833,-0.6348502250861632,-0.5843967450061196,1.3904153428154526,-0.8308810287239831,-0.6301651087608361,0.6073238283682778,1.7142373118107475,1.7967585613787682,2024,10
-20.185052418909272,9.173336711253377,2.766581955478555,0.8616099333682543,-1.5225247073660224,1.38017436065876,-1.6914839381045592,-1.0718759868750116,1.3095411509481232,0.6316837751329103,-0.24914038259803284,-1.2558300839232843,-0.9373940916370328,0.33973012528404267,-0.7614367364857318,1.607937625936359,0.9399553228753601,0.7887065002006528,-0.8574830603811033,0.012470244135558176,0.8718356675776204,0.40946732598668056,-1.3332484998605219,1.3941682092061443,1.8191023306186205,-0.49995690954077054,0.24474117694868994,-0.8069188451159942,-0.27491345256505345,0.16629577629587367,-1.3555152952209446,-0.297390092493256,-0.06971231101533105,0.8537021669291232,-0.11146220938256204,1.4984815458051006,-0.2586401087331521,2024,11
